-- BEGIN TRANSACTION;
CREATE TABLE `microposts` (`id` INTEGER PRIMARY KEY AUTO_INCREMENT NOT NULL, `content` varchar(255), `user_id` integer, `created` datetime NOT NULL, `modified` datetime NOT NULL);
INSERT INTO microposts VALUES(1,'Id atque ut labore quia.',1,'2013-05-08 02:51:06.984529','2013-05-08 02:51:06.984529');
INSERT INTO microposts VALUES(2,'Id atque ut labore quia.',2,'2013-05-08 02:51:07.164866','2013-05-08 02:51:07.164866');
INSERT INTO microposts VALUES(3,'Id atque ut labore quia.',3,'2013-05-08 02:51:07.353243','2013-05-08 02:51:07.353243');
INSERT INTO microposts VALUES(4,'Id atque ut labore quia.',4,'2013-05-08 02:51:07.534821','2013-05-08 02:51:07.534821');
INSERT INTO microposts VALUES(5,'Id atque ut labore quia.',5,'2013-05-08 02:51:07.733168','2013-05-08 02:51:07.733168');
INSERT INTO microposts VALUES(6,'Id atque ut labore quia.',6,'2013-05-08 02:51:07.930780','2013-05-08 02:51:07.930780');
INSERT INTO microposts VALUES(7,'Iste eius sint doloremque quo aut dignissimos.',1,'2013-05-08 02:51:08.120687','2013-05-08 02:51:08.120687');
INSERT INTO microposts VALUES(8,'Iste eius sint doloremque quo aut dignissimos.',2,'2013-05-08 02:51:08.319965','2013-05-08 02:51:08.319965');
INSERT INTO microposts VALUES(9,'Iste eius sint doloremque quo aut dignissimos.',3,'2013-05-08 02:51:08.524352','2013-05-08 02:51:08.524352');
INSERT INTO microposts VALUES(10,'Iste eius sint doloremque quo aut dignissimos.',4,'2013-05-08 02:51:08.714313','2013-05-08 02:51:08.714313');
INSERT INTO microposts VALUES(11,'Iste eius sint doloremque quo aut dignissimos.',5,'2013-05-08 02:51:08.903880','2013-05-08 02:51:08.903880');
INSERT INTO microposts VALUES(12,'Iste eius sint doloremque quo aut dignissimos.',6,'2013-05-08 02:51:09.141829','2013-05-08 02:51:09.141829');
INSERT INTO microposts VALUES(13,'Quae excepturi suscipit deserunt cupiditate nihil ex iure veritatis maiores.',1,'2013-05-08 02:51:09.316556','2013-05-08 02:51:09.316556');
INSERT INTO microposts VALUES(14,'Quae excepturi suscipit deserunt cupiditate nihil ex iure veritatis maiores.',2,'2013-05-08 02:51:09.522597','2013-05-08 02:51:09.522597');
INSERT INTO microposts VALUES(15,'Quae excepturi suscipit deserunt cupiditate nihil ex iure veritatis maiores.',3,'2013-05-08 02:51:09.720809','2013-05-08 02:51:09.720809');
INSERT INTO microposts VALUES(16,'Quae excepturi suscipit deserunt cupiditate nihil ex iure veritatis maiores.',4,'2013-05-08 02:51:09.918971','2013-05-08 02:51:09.918971');
INSERT INTO microposts VALUES(17,'Quae excepturi suscipit deserunt cupiditate nihil ex iure veritatis maiores.',5,'2013-05-08 02:51:10.116475','2013-05-08 02:51:10.116475');
INSERT INTO microposts VALUES(18,'Quae excepturi suscipit deserunt cupiditate nihil ex iure veritatis maiores.',6,'2013-05-08 02:51:10.314574','2013-05-08 02:51:10.314574');
INSERT INTO microposts VALUES(19,'Aut quod deserunt et ut inventore minus aut.',1,'2013-05-08 02:51:10.551264','2013-05-08 02:51:10.551264');
INSERT INTO microposts VALUES(20,'Aut quod deserunt et ut inventore minus aut.',2,'2013-05-08 02:51:10.726973','2013-05-08 02:51:10.726973');
INSERT INTO microposts VALUES(21,'Aut quod deserunt et ut inventore minus aut.',3,'2013-05-08 02:51:10.925001','2013-05-08 02:51:10.925001');
INSERT INTO microposts VALUES(22,'Aut quod deserunt et ut inventore minus aut.',4,'2013-05-08 02:51:11.114870','2013-05-08 02:51:11.114870');
INSERT INTO microposts VALUES(23,'Aut quod deserunt et ut inventore minus aut.',5,'2013-05-08 02:51:11.329822','2013-05-08 02:51:11.329822');
INSERT INTO microposts VALUES(24,'Aut quod deserunt et ut inventore minus aut.',6,'2013-05-08 02:51:11.535503','2013-05-08 02:51:11.535503');
INSERT INTO microposts VALUES(25,'Earum deserunt aut sapiente est aut.',1,'2013-05-08 02:51:11.741901','2013-05-08 02:51:11.741901');
INSERT INTO microposts VALUES(26,'Earum deserunt aut sapiente est aut.',2,'2013-05-08 02:51:11.939776','2013-05-08 02:51:11.939776');
INSERT INTO microposts VALUES(27,'Earum deserunt aut sapiente est aut.',3,'2013-05-08 02:51:12.137689','2013-05-08 02:51:12.137689');
INSERT INTO microposts VALUES(28,'Earum deserunt aut sapiente est aut.',4,'2013-05-08 02:51:12.372725','2013-05-08 02:51:12.372725');
INSERT INTO microposts VALUES(29,'Earum deserunt aut sapiente est aut.',5,'2013-05-08 02:51:12.551467','2013-05-08 02:51:12.551467');
INSERT INTO microposts VALUES(30,'Earum deserunt aut sapiente est aut.',6,'2013-05-08 02:51:12.748159','2013-05-08 02:51:12.748159');
INSERT INTO microposts VALUES(31,'Voluptas distinctio suscipit dolore qui voluptate corporis non.',1,'2013-05-08 02:51:12.985493','2013-05-08 02:51:12.985493');
INSERT INTO microposts VALUES(32,'Voluptas distinctio suscipit dolore qui voluptate corporis non.',2,'2013-05-08 02:51:13.170492','2013-05-08 02:51:13.170492');
INSERT INTO microposts VALUES(33,'Voluptas distinctio suscipit dolore qui voluptate corporis non.',3,'2013-05-08 02:51:13.375155','2013-05-08 02:51:13.375155');
INSERT INTO microposts VALUES(34,'Voluptas distinctio suscipit dolore qui voluptate corporis non.',4,'2013-05-08 02:51:13.581331','2013-05-08 02:51:13.581331');
INSERT INTO microposts VALUES(35,'Voluptas distinctio suscipit dolore qui voluptate corporis non.',5,'2013-05-08 02:51:13.795738','2013-05-08 02:51:13.795738');
INSERT INTO microposts VALUES(36,'Voluptas distinctio suscipit dolore qui voluptate corporis non.',6,'2013-05-08 02:51:14.055956','2013-05-08 02:51:14.055956');
INSERT INTO microposts VALUES(37,'Expedita eius molestias enim ut eos voluptatibus.',1,'2013-05-08 02:51:14.224906','2013-05-08 02:51:14.224906');
INSERT INTO microposts VALUES(38,'Expedita eius molestias enim ut eos voluptatibus.',2,'2013-05-08 02:51:14.431201','2013-05-08 02:51:14.431201');
INSERT INTO microposts VALUES(39,'Expedita eius molestias enim ut eos voluptatibus.',3,'2013-05-08 02:51:14.629127','2013-05-08 02:51:14.629127');
INSERT INTO microposts VALUES(40,'Expedita eius molestias enim ut eos voluptatibus.',4,'2013-05-08 02:51:14.835448','2013-05-08 02:51:14.835448');
INSERT INTO microposts VALUES(41,'Expedita eius molestias enim ut eos voluptatibus.',5,'2013-05-08 02:51:15.041821','2013-05-08 02:51:15.041821');
INSERT INTO microposts VALUES(42,'Expedita eius molestias enim ut eos voluptatibus.',6,'2013-05-08 02:51:15.247885','2013-05-08 02:51:15.247885');
INSERT INTO microposts VALUES(43,'Ut nemo aut odit saepe consequuntur iure laboriosam eaque rerum.',1,'2013-05-08 02:51:15.454665','2013-05-08 02:51:15.454665');
INSERT INTO microposts VALUES(44,'Ut nemo aut odit saepe consequuntur iure laboriosam eaque rerum.',2,'2013-05-08 02:51:15.712565','2013-05-08 02:51:15.712565');
INSERT INTO microposts VALUES(45,'Ut nemo aut odit saepe consequuntur iure laboriosam eaque rerum.',3,'2013-05-08 02:51:15.899514','2013-05-08 02:51:15.899514');
INSERT INTO microposts VALUES(46,'Ut nemo aut odit saepe consequuntur iure laboriosam eaque rerum.',4,'2013-05-08 02:51:16.122302','2013-05-08 02:51:16.122302');
INSERT INTO microposts VALUES(47,'Ut nemo aut odit saepe consequuntur iure laboriosam eaque rerum.',5,'2013-05-08 02:51:16.316715','2013-05-08 02:51:16.316715');
INSERT INTO microposts VALUES(48,'Ut nemo aut odit saepe consequuntur iure laboriosam eaque rerum.',6,'2013-05-08 02:51:16.523047','2013-05-08 02:51:16.523047');
INSERT INTO microposts VALUES(49,'Ut est dolor similique et et distinctio facere.',1,'2013-05-08 02:51:16.795225','2013-05-08 02:51:16.795225');
INSERT INTO microposts VALUES(50,'Ut est dolor similique et et distinctio facere.',2,'2013-05-08 02:51:17.133726','2013-05-08 02:51:17.133726');
INSERT INTO microposts VALUES(51,'Ut est dolor similique et et distinctio facere.',3,'2013-05-08 02:51:17.472231','2013-05-08 02:51:17.472231');
INSERT INTO microposts VALUES(52,'Ut est dolor similique et et distinctio facere.',4,'2013-05-08 02:51:17.739299','2013-05-08 02:51:17.739299');
INSERT INTO microposts VALUES(53,'Ut est dolor similique et et distinctio facere.',5,'2013-05-08 02:51:17.915307','2013-05-08 02:51:17.915307');
INSERT INTO microposts VALUES(54,'Ut est dolor similique et et distinctio facere.',6,'2013-05-08 02:51:18.123556','2013-05-08 02:51:18.123556');
INSERT INTO microposts VALUES(55,'Eos eum sint qui et totam.',1,'2013-05-08 02:51:18.330107','2013-05-08 02:51:18.330107');
INSERT INTO microposts VALUES(56,'Eos eum sint qui et totam.',2,'2013-05-08 02:51:18.560783','2013-05-08 02:51:18.560783');
INSERT INTO microposts VALUES(57,'Eos eum sint qui et totam.',3,'2013-05-08 02:51:18.783308','2013-05-08 02:51:18.783308');
INSERT INTO microposts VALUES(58,'Eos eum sint qui et totam.',4,'2013-05-08 02:51:18.996877','2013-05-08 02:51:18.996877');
INSERT INTO microposts VALUES(59,'Eos eum sint qui et totam.',5,'2013-05-08 02:51:19.205373','2013-05-08 02:51:19.205373');
INSERT INTO microposts VALUES(60,'Eos eum sint qui et totam.',6,'2013-05-08 02:51:19.426961','2013-05-08 02:51:19.426961');
INSERT INTO microposts VALUES(61,'Neque laudantium reprehenderit amet quia ipsa fugiat deleniti.',1,'2013-05-08 02:51:19.694550','2013-05-08 02:51:19.694550');
INSERT INTO microposts VALUES(62,'Neque laudantium reprehenderit amet quia ipsa fugiat deleniti.',2,'2013-05-08 02:51:19.933776','2013-05-08 02:51:19.933776');
INSERT INTO microposts VALUES(63,'Neque laudantium reprehenderit amet quia ipsa fugiat deleniti.',3,'2013-05-08 02:51:20.126832','2013-05-08 02:51:20.126832');
INSERT INTO microposts VALUES(64,'Neque laudantium reprehenderit amet quia ipsa fugiat deleniti.',4,'2013-05-08 02:51:20.333041','2013-05-08 02:51:20.333041');
INSERT INTO microposts VALUES(65,'Neque laudantium reprehenderit amet quia ipsa fugiat deleniti.',5,'2013-05-08 02:51:20.541045','2013-05-08 02:51:20.541045');
INSERT INTO microposts VALUES(66,'Neque laudantium reprehenderit amet quia ipsa fugiat deleniti.',6,'2013-05-08 02:51:20.843005','2013-05-08 02:51:20.843005');
INSERT INTO microposts VALUES(67,'Quia dolorem facilis itaque qui cum ullam non.',1,'2013-05-08 02:51:21.062144','2013-05-08 02:51:21.062144');
INSERT INTO microposts VALUES(68,'Quia dolorem facilis itaque qui cum ullam non.',2,'2013-05-08 02:51:21.744851','2013-05-08 02:51:21.744851');
INSERT INTO microposts VALUES(69,'Quia dolorem facilis itaque qui cum ullam non.',3,'2013-05-08 02:51:22.149810','2013-05-08 02:51:22.149810');
INSERT INTO microposts VALUES(70,'Quia dolorem facilis itaque qui cum ullam non.',4,'2013-05-08 02:51:22.417013','2013-05-08 02:51:22.417013');
INSERT INTO microposts VALUES(71,'Quia dolorem facilis itaque qui cum ullam non.',5,'2013-05-08 02:51:22.595371','2013-05-08 02:51:22.595371');
INSERT INTO microposts VALUES(72,'Quia dolorem facilis itaque qui cum ullam non.',6,'2013-05-08 02:51:22.809064','2013-05-08 02:51:22.809064');
INSERT INTO microposts VALUES(73,'Officia quam voluptatem ipsam omnis magnam et exercitationem ut temporibus.',1,'2013-05-08 02:51:23.032743','2013-05-08 02:51:23.032743');
INSERT INTO microposts VALUES(74,'Officia quam voluptatem ipsam omnis magnam et exercitationem ut temporibus.',2,'2013-05-08 02:51:23.255512','2013-05-08 02:51:23.255512');
INSERT INTO microposts VALUES(75,'Officia quam voluptatem ipsam omnis magnam et exercitationem ut temporibus.',3,'2013-05-08 02:51:23.478057','2013-05-08 02:51:23.478057');
INSERT INTO microposts VALUES(76,'Officia quam voluptatem ipsam omnis magnam et exercitationem ut temporibus.',4,'2013-05-08 02:51:23.684333','2013-05-08 02:51:23.684333');
INSERT INTO microposts VALUES(77,'Officia quam voluptatem ipsam omnis magnam et exercitationem ut temporibus.',5,'2013-05-08 02:51:23.882143','2013-05-08 02:51:23.882143');
INSERT INTO microposts VALUES(78,'Officia quam voluptatem ipsam omnis magnam et exercitationem ut temporibus.',6,'2013-05-08 02:51:24.139440','2013-05-08 02:51:24.139440');
INSERT INTO microposts VALUES(79,'Ut maxime maiores sint excepturi voluptates.',1,'2013-05-08 02:51:24.336166','2013-05-08 02:51:24.336166');
INSERT INTO microposts VALUES(80,'Ut maxime maiores sint excepturi voluptates.',2,'2013-05-08 02:51:24.558897','2013-05-08 02:51:24.558897');
INSERT INTO microposts VALUES(81,'Ut maxime maiores sint excepturi voluptates.',3,'2013-05-08 02:51:24.781445','2013-05-08 02:51:24.781445');
INSERT INTO microposts VALUES(82,'Ut maxime maiores sint excepturi voluptates.',4,'2013-05-08 02:51:25.005896','2013-05-08 02:51:25.005896');
INSERT INTO microposts VALUES(83,'Ut maxime maiores sint excepturi voluptates.',5,'2013-05-08 02:51:25.226851','2013-05-08 02:51:25.226851');
INSERT INTO microposts VALUES(84,'Ut maxime maiores sint excepturi voluptates.',6,'2013-05-08 02:51:25.449711','2013-05-08 02:51:25.449711');
INSERT INTO microposts VALUES(85,'Molestiae eaque quia totam ex accusamus aut cum.',1,'2013-05-08 02:51:25.656007','2013-05-08 02:51:25.656007');
INSERT INTO microposts VALUES(86,'Molestiae eaque quia totam ex accusamus aut cum.',2,'2013-05-08 02:51:25.896665','2013-05-08 02:51:25.896665');
INSERT INTO microposts VALUES(87,'Molestiae eaque quia totam ex accusamus aut cum.',3,'2013-05-08 02:51:26.101260','2013-05-08 02:51:26.101260');
INSERT INTO microposts VALUES(88,'Molestiae eaque quia totam ex accusamus aut cum.',4,'2013-05-08 02:51:26.323418','2013-05-08 02:51:26.323418');
INSERT INTO microposts VALUES(89,'Molestiae eaque quia totam ex accusamus aut cum.',5,'2013-05-08 02:51:26.555046','2013-05-08 02:51:26.555046');
INSERT INTO microposts VALUES(90,'Molestiae eaque quia totam ex accusamus aut cum.',6,'2013-05-08 02:51:26.785754','2013-05-08 02:51:26.785754');
INSERT INTO microposts VALUES(91,'Eaque similique dolorum officiis pariatur qui autem.',1,'2013-05-08 02:51:27.061475','2013-05-08 02:51:27.061475');
INSERT INTO microposts VALUES(92,'Eaque similique dolorum officiis pariatur qui autem.',2,'2013-05-08 02:51:27.255546','2013-05-08 02:51:27.255546');
INSERT INTO microposts VALUES(93,'Eaque similique dolorum officiis pariatur qui autem.',3,'2013-05-08 02:51:27.478457','2013-05-08 02:51:27.478457');
INSERT INTO microposts VALUES(94,'Eaque similique dolorum officiis pariatur qui autem.',4,'2013-05-08 02:51:27.692911','2013-05-08 02:51:27.692911');
INSERT INTO microposts VALUES(95,'Eaque similique dolorum officiis pariatur qui autem.',5,'2013-05-08 02:51:27.935753','2013-05-08 02:51:27.935753');
INSERT INTO microposts VALUES(96,'Eaque similique dolorum officiis pariatur qui autem.',6,'2013-05-08 02:51:28.131731','2013-05-08 02:51:28.131731');
INSERT INTO microposts VALUES(97,'Incidunt labore cumque dolore sit modi in quae officia exercitationem.',1,'2013-05-08 02:51:28.344774','2013-05-08 02:51:28.344774');
INSERT INTO microposts VALUES(98,'Incidunt labore cumque dolore sit modi in quae officia exercitationem.',2,'2013-05-08 02:51:28.567731','2013-05-08 02:51:28.567731');
INSERT INTO microposts VALUES(99,'Incidunt labore cumque dolore sit modi in quae officia exercitationem.',3,'2013-05-08 02:51:28.790172','2013-05-08 02:51:28.790172');
INSERT INTO microposts VALUES(100,'Incidunt labore cumque dolore sit modi in quae officia exercitationem.',4,'2013-05-08 02:51:29.021051','2013-05-08 02:51:29.021051');
INSERT INTO microposts VALUES(101,'Incidunt labore cumque dolore sit modi in quae officia exercitationem.',5,'2013-05-08 02:51:29.244427','2013-05-08 02:51:29.244427');
INSERT INTO microposts VALUES(102,'Incidunt labore cumque dolore sit modi in quae officia exercitationem.',6,'2013-05-08 02:51:29.503582','2013-05-08 02:51:29.503582');
INSERT INTO microposts VALUES(103,'Consequatur enim dolor blanditiis omnis veniam deleniti.',1,'2013-05-08 02:51:29.679485','2013-05-08 02:51:29.679485');
INSERT INTO microposts VALUES(104,'Consequatur enim dolor blanditiis omnis veniam deleniti.',2,'2013-05-08 02:51:29.887294','2013-05-08 02:51:29.887294');
INSERT INTO microposts VALUES(105,'Consequatur enim dolor blanditiis omnis veniam deleniti.',3,'2013-05-08 02:51:30.316833','2013-05-08 02:51:30.316833');
INSERT INTO microposts VALUES(106,'Consequatur enim dolor blanditiis omnis veniam deleniti.',4,'2013-05-08 02:51:30.654470','2013-05-08 02:51:30.654470');
INSERT INTO microposts VALUES(107,'Consequatur enim dolor blanditiis omnis veniam deleniti.',5,'2013-05-08 02:51:30.877845','2013-05-08 02:51:30.877845');
INSERT INTO microposts VALUES(108,'Consequatur enim dolor blanditiis omnis veniam deleniti.',6,'2013-05-08 02:51:31.117023','2013-05-08 02:51:31.117023');
INSERT INTO microposts VALUES(109,'Aliquam facilis quia consequatur et neque incidunt et.',1,'2013-05-08 02:51:31.318253','2013-05-08 02:51:31.318253');
INSERT INTO microposts VALUES(110,'Aliquam facilis quia consequatur et neque incidunt et.',2,'2013-05-08 02:51:31.601398','2013-05-08 02:51:31.601398');
INSERT INTO microposts VALUES(111,'Aliquam facilis quia consequatur et neque incidunt et.',3,'2013-05-08 02:51:31.794673','2013-05-08 02:51:31.794673');
INSERT INTO microposts VALUES(112,'Aliquam facilis quia consequatur et neque incidunt et.',4,'2013-05-08 02:51:32.036013','2013-05-08 02:51:32.036013');
INSERT INTO microposts VALUES(113,'Aliquam facilis quia consequatur et neque incidunt et.',5,'2013-05-08 02:51:32.230767','2013-05-08 02:51:32.230767');
INSERT INTO microposts VALUES(114,'Aliquam facilis quia consequatur et neque incidunt et.',6,'2013-05-08 02:51:32.453126','2013-05-08 02:51:32.453126');
INSERT INTO microposts VALUES(115,'Aliquam recusandae ipsam adipisci iste odio qui architecto.',1,'2013-05-08 02:51:32.675982','2013-05-08 02:51:32.675982');
INSERT INTO microposts VALUES(116,'Aliquam recusandae ipsam adipisci iste odio qui architecto.',2,'2013-05-08 02:51:32.915404','2013-05-08 02:51:32.915404');
INSERT INTO microposts VALUES(117,'Aliquam recusandae ipsam adipisci iste odio qui architecto.',3,'2013-05-08 02:51:33.154568','2013-05-08 02:51:33.154568');
INSERT INTO microposts VALUES(118,'Aliquam recusandae ipsam adipisci iste odio qui architecto.',4,'2013-05-08 02:51:33.438269','2013-05-08 02:51:33.438269');
INSERT INTO microposts VALUES(119,'Aliquam recusandae ipsam adipisci iste odio qui architecto.',5,'2013-05-08 02:51:33.616522','2013-05-08 02:51:33.616522');
INSERT INTO microposts VALUES(120,'Aliquam recusandae ipsam adipisci iste odio qui architecto.',6,'2013-05-08 02:51:33.830732','2013-05-08 02:51:33.830732');
INSERT INTO microposts VALUES(121,'Distinctio quidem est aut voluptas et.',1,'2013-05-08 02:51:34.037058','2013-05-08 02:51:34.037058');
INSERT INTO microposts VALUES(122,'Distinctio quidem est aut voluptas et.',2,'2013-05-08 02:51:34.251812','2013-05-08 02:51:34.251812');
INSERT INTO microposts VALUES(123,'Distinctio quidem est aut voluptas et.',3,'2013-05-08 02:51:34.475094','2013-05-08 02:51:34.475094');
INSERT INTO microposts VALUES(124,'Distinctio quidem est aut voluptas et.',4,'2013-05-08 02:51:34.705774','2013-05-08 02:51:34.705774');
INSERT INTO microposts VALUES(125,'Distinctio quidem est aut voluptas et.',5,'2013-05-08 02:51:34.920534','2013-05-08 02:51:34.920534');
INSERT INTO microposts VALUES(126,'Distinctio quidem est aut voluptas et.',6,'2013-05-08 02:51:35.134320','2013-05-08 02:51:35.134320');
INSERT INTO microposts VALUES(127,'Provident et nisi quo qui.',1,'2013-05-08 02:51:35.410500','2013-05-08 02:51:35.410500');
INSERT INTO microposts VALUES(128,'Provident et nisi quo qui.',2,'2013-05-08 02:51:35.604876','2013-05-08 02:51:35.604876');
INSERT INTO microposts VALUES(129,'Provident et nisi quo qui.',3,'2013-05-08 02:51:35.819316','2013-05-08 02:51:35.819316');
INSERT INTO microposts VALUES(130,'Provident et nisi quo qui.',4,'2013-05-08 02:51:36.042221','2013-05-08 02:51:36.042221');
INSERT INTO microposts VALUES(131,'Provident et nisi quo qui.',5,'2013-05-08 02:51:36.257233','2013-05-08 02:51:36.257233');
INSERT INTO microposts VALUES(132,'Provident et nisi quo qui.',6,'2013-05-08 02:51:36.462181','2013-05-08 02:51:36.462181');
INSERT INTO microposts VALUES(133,'Dolor quia rem eius consequatur.',1,'2013-05-08 02:51:36.685752','2013-05-08 02:51:36.685752');
INSERT INTO microposts VALUES(134,'Dolor quia rem eius consequatur.',2,'2013-05-08 02:51:36.916658','2013-05-08 02:51:36.916658');
INSERT INTO microposts VALUES(135,'Dolor quia rem eius consequatur.',3,'2013-05-08 02:51:37.101941','2013-05-08 02:51:37.101941');
INSERT INTO microposts VALUES(136,'Dolor quia rem eius consequatur.',4,'2013-05-08 02:51:37.315808','2013-05-08 02:51:37.315808');
INSERT INTO microposts VALUES(137,'Dolor quia rem eius consequatur.',5,'2013-05-08 02:51:37.559229','2013-05-08 02:51:37.559229');
INSERT INTO microposts VALUES(138,'Dolor quia rem eius consequatur.',6,'2013-05-08 02:51:37.736436','2013-05-08 02:51:37.736436');
INSERT INTO microposts VALUES(139,'Laboriosam facere id consequatur maiores est placeat voluptas qui quasi.',1,'2013-05-08 02:51:37.951057','2013-05-08 02:51:37.951057');
INSERT INTO microposts VALUES(140,'Laboriosam facere id consequatur maiores est placeat voluptas qui quasi.',2,'2013-05-08 02:51:38.213305','2013-05-08 02:51:38.213305');
INSERT INTO microposts VALUES(141,'Laboriosam facere id consequatur maiores est placeat voluptas qui quasi.',3,'2013-05-08 02:51:38.388098','2013-05-08 02:51:38.388098');
INSERT INTO microposts VALUES(142,'Laboriosam facere id consequatur maiores est placeat voluptas qui quasi.',4,'2013-05-08 02:51:38.586080','2013-05-08 02:51:38.586080');
INSERT INTO microposts VALUES(143,'Laboriosam facere id consequatur maiores est placeat voluptas qui quasi.',5,'2013-05-08 02:51:38.809933','2013-05-08 02:51:38.809933');
INSERT INTO microposts VALUES(144,'Laboriosam facere id consequatur maiores est placeat voluptas qui quasi.',6,'2013-05-08 02:51:39.041608','2013-05-08 02:51:39.041608');
INSERT INTO microposts VALUES(145,'Occaecati dolorum error aut odio tempore.',1,'2013-05-08 02:51:39.291805','2013-05-08 02:51:39.291805');
INSERT INTO microposts VALUES(146,'Occaecati dolorum error aut odio tempore.',2,'2013-05-08 02:51:39.478590','2013-05-08 02:51:39.478590');
INSERT INTO microposts VALUES(147,'Occaecati dolorum error aut odio tempore.',3,'2013-05-08 02:51:39.692760','2013-05-08 02:51:39.692760');
INSERT INTO microposts VALUES(148,'Occaecati dolorum error aut odio tempore.',4,'2013-05-08 02:51:39.897826','2013-05-08 02:51:39.897826');
INSERT INTO microposts VALUES(149,'Occaecati dolorum error aut odio tempore.',5,'2013-05-08 02:51:40.104086','2013-05-08 02:51:40.104086');
INSERT INTO microposts VALUES(150,'Occaecati dolorum error aut odio tempore.',6,'2013-05-08 02:51:40.310149','2013-05-08 02:51:40.310149');
INSERT INTO microposts VALUES(151,'Porro ipsa non aut ullam.',1,'2013-05-08 02:51:40.500061','2013-05-08 02:51:40.500061');
INSERT INTO microposts VALUES(152,'Porro ipsa non aut ullam.',2,'2013-05-08 02:51:40.722705','2013-05-08 02:51:40.722705');
INSERT INTO microposts VALUES(153,'Porro ipsa non aut ullam.',3,'2013-05-08 02:51:40.945755','2013-05-08 02:51:40.945755');
INSERT INTO microposts VALUES(154,'Porro ipsa non aut ullam.',4,'2013-05-08 02:51:41.236873','2013-05-08 02:51:41.236873');
INSERT INTO microposts VALUES(155,'Porro ipsa non aut ullam.',5,'2013-05-08 02:51:41.425218','2013-05-08 02:51:41.425218');
INSERT INTO microposts VALUES(156,'Porro ipsa non aut ullam.',6,'2013-05-08 02:51:41.646178','2013-05-08 02:51:41.646178');
INSERT INTO microposts VALUES(157,'Repellendus perferendis ipsum quae in aut et dicta velit sed.',1,'2013-05-08 02:51:41.852938','2013-05-08 02:51:41.852938');
INSERT INTO microposts VALUES(158,'Repellendus perferendis ipsum quae in aut et dicta velit sed.',2,'2013-05-08 02:51:42.083874','2013-05-08 02:51:42.083874');
INSERT INTO microposts VALUES(159,'Repellendus perferendis ipsum quae in aut et dicta velit sed.',3,'2013-05-08 02:51:42.290197','2013-05-08 02:51:42.290197');
INSERT INTO microposts VALUES(160,'Repellendus perferendis ipsum quae in aut et dicta velit sed.',4,'2013-05-08 02:51:42.496477','2013-05-08 02:51:42.496477');
INSERT INTO microposts VALUES(161,'Repellendus perferendis ipsum quae in aut et dicta velit sed.',5,'2013-05-08 02:51:42.717360','2013-05-08 02:51:42.717360');
INSERT INTO microposts VALUES(162,'Repellendus perferendis ipsum quae in aut et dicta velit sed.',6,'2013-05-08 02:51:42.943547','2013-05-08 02:51:42.943547');
INSERT INTO microposts VALUES(163,'Laboriosam et qui quam quia error et provident officiis eaque.',1,'2013-05-08 02:51:43.389630','2013-05-08 02:51:43.389630');
INSERT INTO microposts VALUES(164,'Laboriosam et qui quam quia error et provident officiis eaque.',2,'2013-05-08 02:51:43.731095','2013-05-08 02:51:43.731095');
INSERT INTO microposts VALUES(165,'Laboriosam et qui quam quia error et provident officiis eaque.',3,'2013-05-08 02:51:44.381864','2013-05-08 02:51:44.381864');
INSERT INTO microposts VALUES(166,'Laboriosam et qui quam quia error et provident officiis eaque.',4,'2013-05-08 02:51:45.025922','2013-05-08 02:51:45.025922');
INSERT INTO microposts VALUES(167,'Laboriosam et qui quam quia error et provident officiis eaque.',5,'2013-05-08 02:51:45.578136','2013-05-08 02:51:45.578136');
INSERT INTO microposts VALUES(168,'Laboriosam et qui quam quia error et provident officiis eaque.',6,'2013-05-08 02:51:45.776412','2013-05-08 02:51:45.776412');
INSERT INTO microposts VALUES(169,'Enim esse ut quas magnam itaque omnis.',1,'2013-05-08 02:51:45.965912','2013-05-08 02:51:45.965912');
INSERT INTO microposts VALUES(170,'Enim esse ut quas magnam itaque omnis.',2,'2013-05-08 02:51:46.239960','2013-05-08 02:51:46.239960');
INSERT INTO microposts VALUES(171,'Enim esse ut quas magnam itaque omnis.',3,'2013-05-08 02:51:46.472582','2013-05-08 02:51:46.472582');
INSERT INTO microposts VALUES(172,'Enim esse ut quas magnam itaque omnis.',4,'2013-05-08 02:51:46.643042','2013-05-08 02:51:46.643042');
INSERT INTO microposts VALUES(173,'Enim esse ut quas magnam itaque omnis.',5,'2013-05-08 02:51:46.865101','2013-05-08 02:51:46.865101');
INSERT INTO microposts VALUES(174,'Enim esse ut quas magnam itaque omnis.',6,'2013-05-08 02:51:47.080437','2013-05-08 02:51:47.080437');
INSERT INTO microposts VALUES(175,'Ex molestiae sapiente error autem voluptates atque non vitae numquam.',1,'2013-05-08 02:51:47.294315','2013-05-08 02:51:47.294315');
INSERT INTO microposts VALUES(176,'Ex molestiae sapiente error autem voluptates atque non vitae numquam.',2,'2013-05-08 02:51:47.525026','2013-05-08 02:51:47.525026');
INSERT INTO microposts VALUES(177,'Ex molestiae sapiente error autem voluptates atque non vitae numquam.',3,'2013-05-08 02:51:47.731742','2013-05-08 02:51:47.731742');
INSERT INTO microposts VALUES(178,'Ex molestiae sapiente error autem voluptates atque non vitae numquam.',4,'2013-05-08 02:51:47.937494','2013-05-08 02:51:47.937494');
INSERT INTO microposts VALUES(179,'Ex molestiae sapiente error autem voluptates atque non vitae numquam.',5,'2013-05-08 02:51:48.203601','2013-05-08 02:51:48.203601');
INSERT INTO microposts VALUES(180,'Ex molestiae sapiente error autem voluptates atque non vitae numquam.',6,'2013-05-08 02:51:48.383955','2013-05-08 02:51:48.383955');
INSERT INTO microposts VALUES(181,'Ut qui modi aut ea reiciendis autem animi eveniet minus.',1,'2013-05-08 02:51:48.589485','2013-05-08 02:51:48.589485');
INSERT INTO microposts VALUES(182,'Ut qui modi aut ea reiciendis autem animi eveniet minus.',2,'2013-05-08 02:51:48.803623','2013-05-08 02:51:48.803623');
INSERT INTO microposts VALUES(183,'Ut qui modi aut ea reiciendis autem animi eveniet minus.',3,'2013-05-08 02:51:49.018727','2013-05-08 02:51:49.018727');
INSERT INTO microposts VALUES(184,'Ut qui modi aut ea reiciendis autem animi eveniet minus.',4,'2013-05-08 02:51:49.240908','2013-05-08 02:51:49.240908');
INSERT INTO microposts VALUES(185,'Ut qui modi aut ea reiciendis autem animi eveniet minus.',5,'2013-05-08 02:51:49.456345','2013-05-08 02:51:49.456345');
INSERT INTO microposts VALUES(186,'Ut qui modi aut ea reiciendis autem animi eveniet minus.',6,'2013-05-08 02:51:49.670895','2013-05-08 02:51:49.670895');
INSERT INTO microposts VALUES(187,'Recusandae iste molestias ea illo eveniet illum dolor.',1,'2013-05-08 02:51:49.921280','2013-05-08 02:51:49.921280');
INSERT INTO microposts VALUES(188,'Recusandae iste molestias ea illo eveniet illum dolor.',2,'2013-05-08 02:51:50.107094','2013-05-08 02:51:50.107094');
INSERT INTO microposts VALUES(189,'Recusandae iste molestias ea illo eveniet illum dolor.',3,'2013-05-08 02:51:50.322298','2013-05-08 02:51:50.322298');
INSERT INTO microposts VALUES(190,'Recusandae iste molestias ea illo eveniet illum dolor.',4,'2013-05-08 02:51:50.536555','2013-05-08 02:51:50.536555');
INSERT INTO microposts VALUES(191,'Recusandae iste molestias ea illo eveniet illum dolor.',5,'2013-05-08 02:51:50.751667','2013-05-08 02:51:50.751667');
INSERT INTO microposts VALUES(192,'Recusandae iste molestias ea illo eveniet illum dolor.',6,'2013-05-08 02:51:50.956939','2013-05-08 02:51:50.956939');
INSERT INTO microposts VALUES(193,'Qui quibusdam repellat eaque eum ab cum perspiciatis.',1,'2013-05-08 02:51:51.163203','2013-05-08 02:51:51.163203');
INSERT INTO microposts VALUES(194,'Qui quibusdam repellat eaque eum ab cum perspiciatis.',2,'2013-05-08 02:51:51.369277','2013-05-08 02:51:51.369277');
INSERT INTO microposts VALUES(195,'Qui quibusdam repellat eaque eum ab cum perspiciatis.',3,'2013-05-08 02:51:51.636797','2013-05-08 02:51:51.636797');
INSERT INTO microposts VALUES(196,'Qui quibusdam repellat eaque eum ab cum perspiciatis.',4,'2013-05-08 02:51:51.848731','2013-05-08 02:51:51.848731');
INSERT INTO microposts VALUES(197,'Qui quibusdam repellat eaque eum ab cum perspiciatis.',5,'2013-05-08 02:51:52.516358','2013-05-08 02:51:52.516358');
INSERT INTO microposts VALUES(198,'Qui quibusdam repellat eaque eum ab cum perspiciatis.',6,'2013-05-08 02:51:53.177143','2013-05-08 02:51:53.177143');
INSERT INTO microposts VALUES(199,'Numquam pariatur quae ipsum cupiditate.',1,'2013-05-08 02:51:53.679572','2013-05-08 02:51:53.679572');
INSERT INTO microposts VALUES(200,'Numquam pariatur quae ipsum cupiditate.',2,'2013-05-08 02:51:53.911686','2013-05-08 02:51:53.911686');
INSERT INTO microposts VALUES(201,'Numquam pariatur quae ipsum cupiditate.',3,'2013-05-08 02:51:54.125206','2013-05-08 02:51:54.125206');
INSERT INTO microposts VALUES(202,'Numquam pariatur quae ipsum cupiditate.',4,'2013-05-08 02:51:54.400473','2013-05-08 02:51:54.400473');
INSERT INTO microposts VALUES(203,'Numquam pariatur quae ipsum cupiditate.',5,'2013-05-08 02:51:54.594928','2013-05-08 02:51:54.594928');
INSERT INTO microposts VALUES(204,'Numquam pariatur quae ipsum cupiditate.',6,'2013-05-08 02:51:54.845891','2013-05-08 02:51:54.845891');
INSERT INTO microposts VALUES(205,'Nam et officiis fugiat accusantium quibusdam.',1,'2013-05-08 02:51:55.016009','2013-05-08 02:51:55.016009');
INSERT INTO microposts VALUES(206,'Nam et officiis fugiat accusantium quibusdam.',2,'2013-05-08 02:51:55.239452','2013-05-08 02:51:55.239452');
INSERT INTO microposts VALUES(207,'Nam et officiis fugiat accusantium quibusdam.',3,'2013-05-08 02:51:55.436860','2013-05-08 02:51:55.436860');
INSERT INTO microposts VALUES(208,'Nam et officiis fugiat accusantium quibusdam.',4,'2013-05-08 02:51:55.634379','2013-05-08 02:51:55.634379');
INSERT INTO microposts VALUES(209,'Nam et officiis fugiat accusantium quibusdam.',5,'2013-05-08 02:51:55.840541','2013-05-08 02:51:55.840541');
INSERT INTO microposts VALUES(210,'Nam et officiis fugiat accusantium quibusdam.',6,'2013-05-08 02:51:56.056673','2013-05-08 02:51:56.056673');
INSERT INTO microposts VALUES(211,'Error consequatur dignissimos unde aut sequi.',1,'2013-05-08 02:51:56.361372','2013-05-08 02:51:56.361372');
INSERT INTO microposts VALUES(212,'Error consequatur dignissimos unde aut sequi.',2,'2013-05-08 02:51:56.596253','2013-05-08 02:51:56.596253');
INSERT INTO microposts VALUES(213,'Error consequatur dignissimos unde aut sequi.',3,'2013-05-08 02:51:56.831412','2013-05-08 02:51:56.831412');
INSERT INTO microposts VALUES(214,'Error consequatur dignissimos unde aut sequi.',4,'2013-05-08 02:51:57.015685','2013-05-08 02:51:57.015685');
INSERT INTO microposts VALUES(215,'Error consequatur dignissimos unde aut sequi.',5,'2013-05-08 02:51:57.230116','2013-05-08 02:51:57.230116');
INSERT INTO microposts VALUES(216,'Error consequatur dignissimos unde aut sequi.',6,'2013-05-08 02:51:57.450344','2013-05-08 02:51:57.450344');
INSERT INTO microposts VALUES(217,'Minus magnam sequi ab hic harum quas fugiat nihil enim.',1,'2013-05-08 02:51:57.648491','2013-05-08 02:51:57.648491');
INSERT INTO microposts VALUES(218,'Minus magnam sequi ab hic harum quas fugiat nihil enim.',2,'2013-05-08 02:51:57.970088','2013-05-08 02:51:57.970088');
INSERT INTO microposts VALUES(219,'Minus magnam sequi ab hic harum quas fugiat nihil enim.',3,'2013-05-08 02:51:58.350244','2013-05-08 02:51:58.350244');
INSERT INTO microposts VALUES(220,'Minus magnam sequi ab hic harum quas fugiat nihil enim.',4,'2013-05-08 02:51:58.657159','2013-05-08 02:51:58.657159');
INSERT INTO microposts VALUES(221,'Minus magnam sequi ab hic harum quas fugiat nihil enim.',5,'2013-05-08 02:51:58.899356','2013-05-08 02:51:58.899356');
INSERT INTO microposts VALUES(222,'Minus magnam sequi ab hic harum quas fugiat nihil enim.',6,'2013-05-08 02:51:59.078265','2013-05-08 02:51:59.078265');
INSERT INTO microposts VALUES(223,'Saepe sit totam ratione eaque aut.',1,'2013-05-08 02:51:59.292717','2013-05-08 02:51:59.292717');
INSERT INTO microposts VALUES(224,'Saepe sit totam ratione eaque aut.',2,'2013-05-08 02:51:59.515856','2013-05-08 02:51:59.515856');
INSERT INTO microposts VALUES(225,'Saepe sit totam ratione eaque aut.',3,'2013-05-08 02:51:59.728147','2013-05-08 02:51:59.728147');
INSERT INTO microposts VALUES(226,'Saepe sit totam ratione eaque aut.',4,'2013-05-08 02:51:59.927927','2013-05-08 02:51:59.927927');
INSERT INTO microposts VALUES(227,'Saepe sit totam ratione eaque aut.',5,'2013-05-08 02:52:00.141562','2013-05-08 02:52:00.141562');
INSERT INTO microposts VALUES(228,'Saepe sit totam ratione eaque aut.',6,'2013-05-08 02:52:00.452278','2013-05-08 02:52:00.452278');
INSERT INTO microposts VALUES(229,'Aut minus voluptatum quidem molestias dolorum numquam.',1,'2013-05-08 02:52:00.703499','2013-05-08 02:52:00.703499');
INSERT INTO microposts VALUES(230,'Aut minus voluptatum quidem molestias dolorum numquam.',2,'2013-05-08 02:52:00.963712','2013-05-08 02:52:00.963712');
INSERT INTO microposts VALUES(231,'Aut minus voluptatum quidem molestias dolorum numquam.',3,'2013-05-08 02:52:01.244635','2013-05-08 02:52:01.244635');
INSERT INTO microposts VALUES(232,'Aut minus voluptatum quidem molestias dolorum numquam.',4,'2013-05-08 02:52:01.450486','2013-05-08 02:52:01.450486');
INSERT INTO microposts VALUES(233,'Aut minus voluptatum quidem molestias dolorum numquam.',5,'2013-05-08 02:52:01.656706','2013-05-08 02:52:01.656706');
INSERT INTO microposts VALUES(234,'Aut minus voluptatum quidem molestias dolorum numquam.',6,'2013-05-08 02:52:01.844682','2013-05-08 02:52:01.844682');
INSERT INTO microposts VALUES(235,'Explicabo sit consectetur omnis adipisci.',1,'2013-05-08 02:52:02.052792','2013-05-08 02:52:02.052792');
INSERT INTO microposts VALUES(236,'Explicabo sit consectetur omnis adipisci.',2,'2013-05-08 02:52:02.266992','2013-05-08 02:52:02.266992');
INSERT INTO microposts VALUES(237,'Explicabo sit consectetur omnis adipisci.',3,'2013-05-08 02:52:02.482293','2013-05-08 02:52:02.482293');
INSERT INTO microposts VALUES(238,'Explicabo sit consectetur omnis adipisci.',4,'2013-05-08 02:52:02.741036','2013-05-08 02:52:02.741036');
INSERT INTO microposts VALUES(239,'Explicabo sit consectetur omnis adipisci.',5,'2013-05-08 02:52:02.936494','2013-05-08 02:52:02.936494');
INSERT INTO microposts VALUES(240,'Explicabo sit consectetur omnis adipisci.',6,'2013-05-08 02:52:03.150448','2013-05-08 02:52:03.150448');
INSERT INTO microposts VALUES(241,'Consequatur incidunt nam distinctio est est quibusdam earum et et.',1,'2013-05-08 02:52:03.372724','2013-05-08 02:52:03.372724');
INSERT INTO microposts VALUES(242,'Consequatur incidunt nam distinctio est est quibusdam earum et et.',2,'2013-05-08 02:52:03.588590','2013-05-08 02:52:03.588590');
INSERT INTO microposts VALUES(243,'Consequatur incidunt nam distinctio est est quibusdam earum et et.',3,'2013-05-08 02:52:03.772217','2013-05-08 02:52:03.772217');
INSERT INTO microposts VALUES(244,'Consequatur incidunt nam distinctio est est quibusdam earum et et.',4,'2013-05-08 02:52:03.986727','2013-05-08 02:52:03.986727');
INSERT INTO microposts VALUES(245,'Consequatur incidunt nam distinctio est est quibusdam earum et et.',5,'2013-05-08 02:52:04.209497','2013-05-08 02:52:04.209497');
INSERT INTO microposts VALUES(246,'Consequatur incidunt nam distinctio est est quibusdam earum et et.',6,'2013-05-08 02:52:04.979010','2013-05-08 02:52:04.979010');
INSERT INTO microposts VALUES(247,'Aut nihil tempore possimus odio quod vel.',1,'2013-05-08 02:52:05.777102','2013-05-08 02:52:05.777102');
INSERT INTO microposts VALUES(248,'Aut nihil tempore possimus odio quod vel.',2,'2013-05-08 02:52:06.174124','2013-05-08 02:52:06.174124');
INSERT INTO microposts VALUES(249,'Aut nihil tempore possimus odio quod vel.',3,'2013-05-08 02:52:06.367837','2013-05-08 02:52:06.367837');
INSERT INTO microposts VALUES(250,'Aut nihil tempore possimus odio quod vel.',4,'2013-05-08 02:52:06.573391','2013-05-08 02:52:06.573391');
INSERT INTO microposts VALUES(251,'Aut nihil tempore possimus odio quod vel.',5,'2013-05-08 02:52:06.788045','2013-05-08 02:52:06.788045');
INSERT INTO microposts VALUES(252,'Aut nihil tempore possimus odio quod vel.',6,'2013-05-08 02:52:06.994204','2013-05-08 02:52:06.994204');
INSERT INTO microposts VALUES(253,'Corrupti consequuntur aut sint perspiciatis.',1,'2013-05-08 02:52:07.210021','2013-05-08 02:52:07.210021');
INSERT INTO microposts VALUES(254,'Corrupti consequuntur aut sint perspiciatis.',2,'2013-05-08 02:52:07.448986','2013-05-08 02:52:07.448986');
INSERT INTO microposts VALUES(255,'Corrupti consequuntur aut sint perspiciatis.',3,'2013-05-08 02:52:07.701066','2013-05-08 02:52:07.701066');
INSERT INTO microposts VALUES(256,'Corrupti consequuntur aut sint perspiciatis.',4,'2013-05-08 02:52:07.888699','2013-05-08 02:52:07.888699');
INSERT INTO microposts VALUES(257,'Corrupti consequuntur aut sint perspiciatis.',5,'2013-05-08 02:52:08.103298','2013-05-08 02:52:08.103298');
INSERT INTO microposts VALUES(258,'Corrupti consequuntur aut sint perspiciatis.',6,'2013-05-08 02:52:08.325994','2013-05-08 02:52:08.325994');
INSERT INTO microposts VALUES(259,'Impedit quod provident sit quo nihil laudantium et quas.',1,'2013-05-08 02:52:08.541790','2013-05-08 02:52:08.541790');
INSERT INTO microposts VALUES(260,'Impedit quod provident sit quo nihil laudantium et quas.',2,'2013-05-08 02:52:08.780063','2013-05-08 02:52:08.780063');
INSERT INTO microposts VALUES(261,'Impedit quod provident sit quo nihil laudantium et quas.',3,'2013-05-08 02:52:08.965851','2013-05-08 02:52:08.965851');
INSERT INTO microposts VALUES(262,'Impedit quod provident sit quo nihil laudantium et quas.',4,'2013-05-08 02:52:09.157151','2013-05-08 02:52:09.157151');
INSERT INTO microposts VALUES(263,'Impedit quod provident sit quo nihil laudantium et quas.',5,'2013-05-08 02:52:09.428524','2013-05-08 02:52:09.428524');
INSERT INTO microposts VALUES(264,'Impedit quod provident sit quo nihil laudantium et quas.',6,'2013-05-08 02:52:09.609202','2013-05-08 02:52:09.609202');
INSERT INTO microposts VALUES(265,'Delectus adipisci reprehenderit qui iure eum enim nihil.',1,'2013-05-08 02:52:09.815756','2013-05-08 02:52:09.815756');
INSERT INTO microposts VALUES(266,'Delectus adipisci reprehenderit qui iure eum enim nihil.',2,'2013-05-08 02:52:10.089526','2013-05-08 02:52:10.089526');
INSERT INTO microposts VALUES(267,'Delectus adipisci reprehenderit qui iure eum enim nihil.',3,'2013-05-08 02:52:10.277841','2013-05-08 02:52:10.277841');
INSERT INTO microposts VALUES(268,'Delectus adipisci reprehenderit qui iure eum enim nihil.',4,'2013-05-08 02:52:10.493272','2013-05-08 02:52:10.493272');
INSERT INTO microposts VALUES(269,'Delectus adipisci reprehenderit qui iure eum enim nihil.',5,'2013-05-08 02:52:10.749492','2013-05-08 02:52:10.749492');
INSERT INTO microposts VALUES(270,'Delectus adipisci reprehenderit qui iure eum enim nihil.',6,'2013-05-08 02:52:10.937939','2013-05-08 02:52:10.937939');
INSERT INTO microposts VALUES(271,'Inventore tenetur consequuntur sequi quo.',1,'2013-05-08 02:52:11.170866','2013-05-08 02:52:11.170866');
INSERT INTO microposts VALUES(272,'Inventore tenetur consequuntur sequi quo.',2,'2013-05-08 02:52:11.350199','2013-05-08 02:52:11.350199');
INSERT INTO microposts VALUES(273,'Inventore tenetur consequuntur sequi quo.',3,'2013-05-08 02:52:11.582217','2013-05-08 02:52:11.582217');
INSERT INTO microposts VALUES(274,'Inventore tenetur consequuntur sequi quo.',4,'2013-05-08 02:52:11.870921','2013-05-08 02:52:11.870921');
INSERT INTO microposts VALUES(275,'Inventore tenetur consequuntur sequi quo.',5,'2013-05-08 02:52:12.201066','2013-05-08 02:52:12.201066');
INSERT INTO microposts VALUES(276,'Inventore tenetur consequuntur sequi quo.',6,'2013-05-08 02:52:12.530900','2013-05-08 02:52:12.530900');
INSERT INTO microposts VALUES(277,'Aut laborum fugiat inventore voluptatem tenetur qui aut.',1,'2013-05-08 02:52:12.744438','2013-05-08 02:52:12.744438');
INSERT INTO microposts VALUES(278,'Aut laborum fugiat inventore voluptatem tenetur qui aut.',2,'2013-05-08 02:52:12.958915','2013-05-08 02:52:12.958915');
INSERT INTO microposts VALUES(279,'Aut laborum fugiat inventore voluptatem tenetur qui aut.',3,'2013-05-08 02:52:13.190901','2013-05-08 02:52:13.190901');
INSERT INTO microposts VALUES(280,'Aut laborum fugiat inventore voluptatem tenetur qui aut.',4,'2013-05-08 02:52:13.439438','2013-05-08 02:52:13.439438');
INSERT INTO microposts VALUES(281,'Aut laborum fugiat inventore voluptatem tenetur qui aut.',5,'2013-05-08 02:52:13.610351','2013-05-08 02:52:13.610351');
INSERT INTO microposts VALUES(282,'Aut laborum fugiat inventore voluptatem tenetur qui aut.',6,'2013-05-08 02:52:13.817950','2013-05-08 02:52:13.817950');
INSERT INTO microposts VALUES(283,'Autem sunt vel est voluptatem nulla sed amet est.',1,'2013-05-08 02:52:14.237446','2013-05-08 02:52:14.237446');
INSERT INTO microposts VALUES(284,'Autem sunt vel est voluptatem nulla sed amet est.',2,'2013-05-08 02:52:14.459925','2013-05-08 02:52:14.459925');
INSERT INTO microposts VALUES(285,'Autem sunt vel est voluptatem nulla sed amet est.',3,'2013-05-08 02:52:14.682882','2013-05-08 02:52:14.682882');
INSERT INTO microposts VALUES(286,'Autem sunt vel est voluptatem nulla sed amet est.',4,'2013-05-08 02:52:14.864440','2013-05-08 02:52:14.864440');
INSERT INTO microposts VALUES(287,'Autem sunt vel est voluptatem nulla sed amet est.',5,'2013-05-08 02:52:15.062348','2013-05-08 02:52:15.062348');
INSERT INTO microposts VALUES(288,'Autem sunt vel est voluptatem nulla sed amet est.',6,'2013-05-08 02:52:15.310478','2013-05-08 02:52:15.310478');
INSERT INTO microposts VALUES(289,'Itaque sit eum reiciendis corrupti est sunt sed eos.',1,'2013-05-08 02:52:15.491509','2013-05-08 02:52:15.491509');
INSERT INTO microposts VALUES(290,'Itaque sit eum reiciendis corrupti est sunt sed eos.',2,'2013-05-08 02:52:15.714002','2013-05-08 02:52:15.714002');
INSERT INTO microposts VALUES(291,'Itaque sit eum reiciendis corrupti est sunt sed eos.',3,'2013-05-08 02:52:15.936689','2013-05-08 02:52:15.936689');
INSERT INTO microposts VALUES(292,'Itaque sit eum reiciendis corrupti est sunt sed eos.',4,'2013-05-08 02:52:16.151256','2013-05-08 02:52:16.151256');
INSERT INTO microposts VALUES(293,'Itaque sit eum reiciendis corrupti est sunt sed eos.',5,'2013-05-08 02:52:16.359686','2013-05-08 02:52:16.359686');
INSERT INTO microposts VALUES(294,'Itaque sit eum reiciendis corrupti est sunt sed eos.',6,'2013-05-08 02:52:16.580312','2013-05-08 02:52:16.580312');
INSERT INTO microposts VALUES(295,'Doloribus sed ab nobis qui ut ipsam iusto maiores.',1,'2013-05-08 02:52:16.794708','2013-05-08 02:52:16.794708');
INSERT INTO microposts VALUES(296,'Doloribus sed ab nobis qui ut ipsam iusto maiores.',2,'2013-05-08 02:52:17.054673','2013-05-08 02:52:17.054673');
INSERT INTO microposts VALUES(297,'Doloribus sed ab nobis qui ut ipsam iusto maiores.',3,'2013-05-08 02:52:17.240188','2013-05-08 02:52:17.240188');
INSERT INTO microposts VALUES(298,'Doloribus sed ab nobis qui ut ipsam iusto maiores.',4,'2013-05-08 02:52:17.447481','2013-05-08 02:52:17.447481');
INSERT INTO microposts VALUES(299,'Doloribus sed ab nobis qui ut ipsam iusto maiores.',5,'2013-05-08 02:52:17.670512','2013-05-08 02:52:17.670512');
INSERT INTO microposts VALUES(300,'Doloribus sed ab nobis qui ut ipsam iusto maiores.',6,'2013-05-08 02:52:17.876600','2013-05-08 02:52:17.876600');
CREATE TABLE `relationships` (`id` INTEGER PRIMARY KEY AUTO_INCREMENT NOT NULL, `follower_id` integer, `followed_id` integer, `created` datetime NOT NULL, `modified` datetime NOT NULL);
INSERT INTO relationships VALUES(1,1,3,'2013-05-08 02:52:18.103235','2013-05-08 02:52:18.103235');
INSERT INTO relationships VALUES(2,1,4,'2013-05-08 02:52:18.305474','2013-05-08 02:52:18.305474');
INSERT INTO relationships VALUES(3,1,5,'2013-05-08 02:52:18.518652','2013-05-08 02:52:18.518652');
INSERT INTO relationships VALUES(4,1,6,'2013-05-08 02:52:18.724949','2013-05-08 02:52:18.724949');
INSERT INTO relationships VALUES(5,1,7,'2013-05-08 02:52:18.931180','2013-05-08 02:52:18.931180');
INSERT INTO relationships VALUES(6,1,8,'2013-05-08 02:52:19.129102','2013-05-08 02:52:19.129102');
INSERT INTO relationships VALUES(7,1,9,'2013-05-08 02:52:19.335793','2013-05-08 02:52:19.335793');
INSERT INTO relationships VALUES(8,1,10,'2013-05-08 02:52:19.541604','2013-05-08 02:52:19.541604');
INSERT INTO relationships VALUES(9,1,11,'2013-05-08 02:52:19.747933','2013-05-08 02:52:19.747933');
INSERT INTO relationships VALUES(10,1,12,'2013-05-08 02:52:19.954233','2013-05-08 02:52:19.954233');
INSERT INTO relationships VALUES(11,1,13,'2013-05-08 02:52:20.160342','2013-05-08 02:52:20.160342');
INSERT INTO relationships VALUES(12,1,14,'2013-05-08 02:52:20.366509','2013-05-08 02:52:20.366509');
INSERT INTO relationships VALUES(13,1,15,'2013-05-08 02:52:20.565169','2013-05-08 02:52:20.565169');
INSERT INTO relationships VALUES(14,1,16,'2013-05-08 02:52:20.762545','2013-05-08 02:52:20.762545');
INSERT INTO relationships VALUES(15,1,17,'2013-05-08 02:52:20.968962','2013-05-08 02:52:20.968962');
INSERT INTO relationships VALUES(16,1,18,'2013-05-08 02:52:21.175082','2013-05-08 02:52:21.175082');
INSERT INTO relationships VALUES(17,1,19,'2013-05-08 02:52:21.423732','2013-05-08 02:52:21.423732');
INSERT INTO relationships VALUES(18,1,20,'2013-05-08 02:52:21.605001','2013-05-08 02:52:21.605001');
INSERT INTO relationships VALUES(19,1,21,'2013-05-08 02:52:21.813171','2013-05-08 02:52:21.813171');
INSERT INTO relationships VALUES(20,1,22,'2013-05-08 02:52:22.019385','2013-05-08 02:52:22.019385');
INSERT INTO relationships VALUES(21,1,23,'2013-05-08 02:52:22.225684','2013-05-08 02:52:22.225684');
INSERT INTO relationships VALUES(22,1,24,'2013-05-08 02:52:22.432128','2013-05-08 02:52:22.432128');
INSERT INTO relationships VALUES(23,1,25,'2013-05-08 02:52:22.638228','2013-05-08 02:52:22.638228');
INSERT INTO relationships VALUES(24,1,26,'2013-05-08 02:52:22.852504','2013-05-08 02:52:22.852504');
INSERT INTO relationships VALUES(25,1,27,'2013-05-08 02:52:23.067429','2013-05-08 02:52:23.067429');
INSERT INTO relationships VALUES(26,1,28,'2013-05-08 02:52:23.257055','2013-05-08 02:52:23.257055');
INSERT INTO relationships VALUES(27,1,29,'2013-05-08 02:52:23.447200','2013-05-08 02:52:23.447200');
INSERT INTO relationships VALUES(28,1,30,'2013-05-08 02:52:23.735441','2013-05-08 02:52:23.735441');
INSERT INTO relationships VALUES(29,1,31,'2013-05-08 02:52:24.065367','2013-05-08 02:52:24.065367');
INSERT INTO relationships VALUES(30,1,32,'2013-05-08 02:52:24.393529','2013-05-08 02:52:24.393529');
INSERT INTO relationships VALUES(31,1,33,'2013-05-08 02:52:24.797796','2013-05-08 02:52:24.797796');
INSERT INTO relationships VALUES(32,1,34,'2013-05-08 02:52:25.055891','2013-05-08 02:52:25.055891');
INSERT INTO relationships VALUES(33,1,35,'2013-05-08 02:52:25.236528','2013-05-08 02:52:25.236528');
INSERT INTO relationships VALUES(34,1,36,'2013-05-08 02:52:25.451499','2013-05-08 02:52:25.451499');
INSERT INTO relationships VALUES(35,1,37,'2013-05-08 02:52:25.649344','2013-05-08 02:52:25.649344');
INSERT INTO relationships VALUES(36,1,38,'2013-05-08 02:52:25.839722','2013-05-08 02:52:25.839722');
INSERT INTO relationships VALUES(37,1,39,'2013-05-08 02:52:26.045343','2013-05-08 02:52:26.045343');
INSERT INTO relationships VALUES(38,1,40,'2013-05-08 02:52:26.251448','2013-05-08 02:52:26.251448');
INSERT INTO relationships VALUES(39,1,41,'2013-05-08 02:52:26.457947','2013-05-08 02:52:26.457947');
INSERT INTO relationships VALUES(40,1,42,'2013-05-08 02:52:26.853813','2013-05-08 02:52:26.853813');
INSERT INTO relationships VALUES(41,1,43,'2013-05-08 02:52:27.042517','2013-05-08 02:52:27.042517');
INSERT INTO relationships VALUES(42,1,44,'2013-05-08 02:52:27.256875','2013-05-08 02:52:27.256875');
INSERT INTO relationships VALUES(43,1,45,'2013-05-08 02:52:27.940894','2013-05-08 02:52:27.940894');
INSERT INTO relationships VALUES(44,1,46,'2013-05-08 02:52:28.116351','2013-05-08 02:52:28.116351');
INSERT INTO relationships VALUES(45,1,47,'2013-05-08 02:52:28.314897','2013-05-08 02:52:28.314897');
INSERT INTO relationships VALUES(46,1,48,'2013-05-08 02:52:28.504008','2013-05-08 02:52:28.504008');
INSERT INTO relationships VALUES(47,1,49,'2013-05-08 02:52:28.734213','2013-05-08 02:52:28.734213');
INSERT INTO relationships VALUES(48,1,50,'2013-05-08 02:52:28.900018','2013-05-08 02:52:28.900018');
INSERT INTO relationships VALUES(49,1,51,'2013-05-08 02:52:29.106450','2013-05-08 02:52:29.106450');
INSERT INTO relationships VALUES(50,4,1,'2013-05-08 02:52:29.304775','2013-05-08 02:52:29.304775');
INSERT INTO relationships VALUES(51,5,1,'2013-05-08 02:52:29.503477','2013-05-08 02:52:29.503477');
INSERT INTO relationships VALUES(52,6,1,'2013-05-08 02:52:29.708816','2013-05-08 02:52:29.708816');
INSERT INTO relationships VALUES(53,7,1,'2013-05-08 02:52:29.906790','2013-05-08 02:52:29.906790');
INSERT INTO relationships VALUES(54,8,1,'2013-05-08 02:52:30.105458','2013-05-08 02:52:30.105458');
INSERT INTO relationships VALUES(55,9,1,'2013-05-08 02:52:30.302890','2013-05-08 02:52:30.302890');
INSERT INTO relationships VALUES(56,10,1,'2013-05-08 02:52:30.493256','2013-05-08 02:52:30.493256');
INSERT INTO relationships VALUES(57,11,1,'2013-05-08 02:52:30.698861','2013-05-08 02:52:30.698861');
INSERT INTO relationships VALUES(58,12,1,'2013-05-08 02:52:30.971089','2013-05-08 02:52:30.971089');
INSERT INTO relationships VALUES(59,13,1,'2013-05-08 02:52:31.392450','2013-05-08 02:52:31.392450');
INSERT INTO relationships VALUES(60,14,1,'2013-05-08 02:52:31.713665','2013-05-08 02:52:31.713665');
INSERT INTO relationships VALUES(61,15,1,'2013-05-08 02:52:31.912046','2013-05-08 02:52:31.912046');
INSERT INTO relationships VALUES(62,16,1,'2013-05-08 02:52:32.154629','2013-05-08 02:52:32.154629');
INSERT INTO relationships VALUES(63,17,1,'2013-05-08 02:52:32.332071','2013-05-08 02:52:32.332071');
INSERT INTO relationships VALUES(64,18,1,'2013-05-08 02:52:32.538119','2013-05-08 02:52:32.538119');
INSERT INTO relationships VALUES(65,19,1,'2013-05-08 02:52:32.736425','2013-05-08 02:52:32.736425');
INSERT INTO relationships VALUES(66,20,1,'2013-05-08 02:52:32.965922','2013-05-08 02:52:32.965922');
INSERT INTO relationships VALUES(67,21,1,'2013-05-08 02:52:33.180134','2013-05-08 02:52:33.180134');
INSERT INTO relationships VALUES(68,22,1,'2013-05-08 02:52:33.394712','2013-05-08 02:52:33.394712');
INSERT INTO relationships VALUES(69,23,1,'2013-05-08 02:52:33.610914','2013-05-08 02:52:33.610914');
INSERT INTO relationships VALUES(70,24,1,'2013-05-08 02:52:33.824202','2013-05-08 02:52:33.824202');
INSERT INTO relationships VALUES(71,25,1,'2013-05-08 02:52:34.039926','2013-05-08 02:52:34.039926');
INSERT INTO relationships VALUES(72,26,1,'2013-05-08 02:52:34.254415','2013-05-08 02:52:34.254415');
INSERT INTO relationships VALUES(73,27,1,'2013-05-08 02:52:34.460592','2013-05-08 02:52:34.460592');
INSERT INTO relationships VALUES(74,28,1,'2013-05-08 02:52:34.666832','2013-05-08 02:52:34.666832');
INSERT INTO relationships VALUES(75,29,1,'2013-05-08 02:52:34.873078','2013-05-08 02:52:34.873078');
INSERT INTO relationships VALUES(76,30,1,'2013-05-08 02:52:35.087608','2013-05-08 02:52:35.087608');
INSERT INTO relationships VALUES(77,31,1,'2013-05-08 02:52:35.491400','2013-05-08 02:52:35.491400');
INSERT INTO relationships VALUES(78,32,1,'2013-05-08 02:52:35.738951','2013-05-08 02:52:35.738951');
INSERT INTO relationships VALUES(79,33,1,'2013-05-08 02:52:35.945100','2013-05-08 02:52:35.945100');
INSERT INTO relationships VALUES(80,34,1,'2013-05-08 02:52:36.209198','2013-05-08 02:52:36.209198');
INSERT INTO relationships VALUES(81,35,1,'2013-05-08 02:52:36.423645','2013-05-08 02:52:36.423645');
INSERT INTO relationships VALUES(82,36,1,'2013-05-08 02:52:36.638150','2013-05-08 02:52:36.638150');
INSERT INTO relationships VALUES(83,37,1,'2013-05-08 02:52:36.852585','2013-05-08 02:52:36.852585');
INSERT INTO relationships VALUES(84,38,1,'2013-05-08 02:52:37.114783','2013-05-08 02:52:37.114783');
INSERT INTO relationships VALUES(85,39,1,'2013-05-08 02:52:37.438426','2013-05-08 02:52:37.438426');
INSERT INTO relationships VALUES(86,40,1,'2013-05-08 02:52:37.760129','2013-05-08 02:52:37.760129');
INSERT INTO relationships VALUES(87,41,1,'2013-05-08 02:52:37.966364','2013-05-08 02:52:37.966364');
CREATE TABLE `schema_migrations` (`version` varchar(255) NOT NULL);
INSERT INTO schema_migrations VALUES(20120507002709);
INSERT INTO schema_migrations VALUES(20120508002644);
INSERT INTO schema_migrations VALUES(20120508004837);
INSERT INTO schema_migrations VALUES(20120514201046);
INSERT INTO schema_migrations VALUES(20120517030607);
INSERT INTO schema_migrations VALUES(20120519194108);
INSERT INTO schema_migrations VALUES(20120520230206);
CREATE TABLE `users` (`id` INTEGER PRIMARY KEY AUTO_INCREMENT NOT NULL, `name` varchar(255), `email` varchar(255), `created` datetime NOT NULL, `modified` datetime NOT NULL, `password_digest` varchar(255), `remember_token` varchar(255), `admin` boolean DEFAULT 0);
INSERT INTO users VALUES(1,'Example User','example@railstutorial.org','2013-05-08 02:50:21.594897','2013-05-08 02:50:21.820952','$2a$10$idqKuJQkCKQW86lVNRR90eTCzWwChmJurHfUarm9kTW2IrIBirkF2','J6Lal5Wl4Q-0yy_EuGZbqw',1);
INSERT INTO users VALUES(2,'Joey Rau I','example-1@railstutorial.org','2013-05-08 02:50:22.292451','2013-05-08 02:50:22.292451','$2a$10$zSlk8VtHnIjRhLxVZvSWMeJBkW/5NlBr2/K8rEQy43bP5yXZWt8Wi','bF0s5LZ9VEEInLPWAHnUIg',0);
INSERT INTO users VALUES(3,'Carter Larkin PhD','example-2@railstutorial.org','2013-05-08 02:50:22.569705','2013-05-08 02:50:22.569705','$2a$10$XTbGHFGVFt7nS5nIcZDvX.arPeytO9nOG.YsoR1jiPXn5osbyEs2a','twrTVuufT54TSv4BdtFq2g',0);
INSERT INTO users VALUES(4,'Mr. Kiana Kuphal','example-3@railstutorial.org','2013-05-08 02:50:22.845757','2013-05-08 02:50:22.845757','$2a$10$RiNRdzbX63oEpGLvtmPssuJDGQjus1qg2LNOpnyb6EjEQyQgbyrMy','Urmv4a2_y8HKVi6SULKHpw',0);
INSERT INTO users VALUES(5,'Ethel Bosco','example-4@railstutorial.org','2013-05-08 02:50:23.110366','2013-05-08 02:50:23.110366','$2a$10$vB7yqOelNMBGBusvcoVmr.S5KbEMXIIjXOWaRRgdB7yMwVwdRnMvy','iT2jhEWhuw0IoKIUsdtowg',0);
INSERT INTO users VALUES(6,'Emilie Pouros','example-5@railstutorial.org','2013-05-08 02:50:23.353960','2013-05-08 02:50:23.353960','$2a$10$bfaPCdBSXLn.M5uj4y8iuuLYhbHmY0c7XwowGdcUznIUvYyusEcHK','vbUryvwp70ZwxywHVk86mQ',0);
INSERT INTO users VALUES(7,'Karlee Abshire','example-6@railstutorial.org','2013-05-08 02:50:23.661770','2013-05-08 02:50:23.661770','$2a$10$tamHaHPCXbKmsPjB/ery/udwDnfJzIE7hP5hA1js0mDU4cIiKqgri','dNGZAnUSNq0mvJaW4R_V7g',0);
INSERT INTO users VALUES(8,'Ibrahim Vandervort','example-7@railstutorial.org','2013-05-08 02:50:23.924121','2013-05-08 02:50:23.924121','$2a$10$EHGhFcW9meSrzca7WrS0.OEr/GV/LC1dJ9AOf5ScPTBddOjDSTW.e','uDE3cIdaFuSAI92q_NlS9w',0);
INSERT INTO users VALUES(9,'Alyce Wunsch','example-8@railstutorial.org','2013-05-08 02:50:24.191431','2013-05-08 02:50:24.191431','$2a$10$Zkr/AvsTR.s9.NTj1L4ZyOLoYIV1o6fb8q6ij9O64uPaI4dF.fLIy','_YxMqMEJMNtenEe-EW-xxg',0);
INSERT INTO users VALUES(10,'Billy Buckridge','example-9@railstutorial.org','2013-05-08 02:50:24.457311','2013-05-08 02:50:24.457311','$2a$10$860dN35knET3iUsYUEf3tOBIgx2ZqS9PlLrT/yJ8L9EMDgrgFQnla','FU1aZ_HVH5gt6cIUMHeFtQ',0);
INSERT INTO users VALUES(11,'Hosea Cormier','example-10@railstutorial.org','2013-05-08 02:50:24.755199','2013-05-08 02:50:24.755199','$2a$10$VqPKt4.UoUUnWXcOYwi9huJJ3PNbOEeNPuN2bEN6jUMROjEDcSkYO','yBcHRAffZ8oTIPxdnlwjlw',0);
INSERT INTO users VALUES(12,'Triston Hahn','example-11@railstutorial.org','2013-05-08 02:50:25.081176','2013-05-08 02:50:25.081176','$2a$10$tWuzuvafLPA9sDtwTOcBYe/OtNUS0f6iE5WAKs/JXRpZPTW/kS7Le','MNbn_LKhc9v_OtT4s0gXvA',0);
INSERT INTO users VALUES(13,'Jocelyn Johnston DVM','example-12@railstutorial.org','2013-05-08 02:50:25.389414','2013-05-08 02:50:25.389414','$2a$10$ETvzEKJzewJmmAieZIdzpepmjHuscLLwGoyYljB2pe/C88n217nr2','HxU0ZwW2hoK77jvBg2mwDg',0);
INSERT INTO users VALUES(14,'Rod Daugherty','example-13@railstutorial.org','2013-05-08 02:50:25.647186','2013-05-08 02:50:25.647186','$2a$10$EY2ejstUS7ZJnQiUGXCaqe7mnbX5sHJTsI75s0XF0pPQEm/QzAL8i','4GXWIsuCZqM_rhM7I7PeAA',0);
INSERT INTO users VALUES(15,'Lance McDermott','example-14@railstutorial.org','2013-05-08 02:50:25.900431','2013-05-08 02:50:25.900431','$2a$10$.E23zXvJ2ZFR2uCO14nlYePmxzU/rq5qHpfgCASI1abDI4LH2SCu2','0tROnaHDQ4v4CvhN2io05Q',0);
INSERT INTO users VALUES(16,'Keira Koss','example-15@railstutorial.org','2013-05-08 02:50:26.194898','2013-05-08 02:50:26.194898','$2a$10$KQ/IQBK00MRVaGccSZEJMupCSRQf8lyxZewjB5KNKGpiJhzI2r8m6','SYCkm7SXdlpdGfqRPuNX2A',0);
INSERT INTO users VALUES(17,'Miss Vilma Buckridge','example-16@railstutorial.org','2013-05-08 02:50:26.505422','2013-05-08 02:50:26.505422','$2a$10$Pq9f4YmK3wFEoprgpd.ZIOkiSlFEiH51LENShr6SabChb.0HE1KTS','ol2ZzjIoFfqhgK3Qfivx2w',0);
INSERT INTO users VALUES(18,'Elliott Kihn II','example-17@railstutorial.org','2013-05-08 02:50:26.808420','2013-05-08 02:50:26.808420','$2a$10$.RilYk7xdWl4V1uC8ASJ5e2pwpKtt2HAM3CBl/qBKoB8WeN.Hjw7q','0j2sZMU-wdIXF3i7fdSvhQ',0);
INSERT INTO users VALUES(19,'Susanna Dickinson','example-18@railstutorial.org','2013-05-08 02:50:27.081759','2013-05-08 02:50:27.081759','$2a$10$IQjdiAoEg32VjMWsHi.PHe8Tlz7kbG1VtRm1WzRX.yGEc64.XKK0G','41NDQW_C3XrR-ap877pkEQ',0);
INSERT INTO users VALUES(20,'Santos Thiel','example-19@railstutorial.org','2013-05-08 02:50:27.366685','2013-05-08 02:50:27.366685','$2a$10$Yvad/aP3Wop2FgKHsNwKq.hzCW1w.kFYV/y5YURsu9V422oUN46qS','TZBMQI9CcG8PM7VRHweO_w',0);
INSERT INTO users VALUES(21,'Ms. Mertie Willms','example-20@railstutorial.org','2013-05-08 02:50:27.625737','2013-05-08 02:50:27.625737','$2a$10$bEK2qKlkq7C4mcfJA0/5FOyk/W4KqLlW5e19Xfm1Y4pSK3Cj7Efsu','R75tPedIhpFsN-9Tbc-Tgw',0);
INSERT INTO users VALUES(22,'Salvador Connelly','example-21@railstutorial.org','2013-05-08 02:50:27.934301','2013-05-08 02:50:27.934301','$2a$10$FMLDXp.WEp7y2zMccQyrp.hMkfyfi/MDP5Ahy/zOrWxJOjSEaavyC','Aa9xWruddZgvzpPYPsLe7A',0);
INSERT INTO users VALUES(23,'Stan Ullrich DDS','example-22@railstutorial.org','2013-05-08 02:50:28.200140','2013-05-08 02:50:28.200140','$2a$10$HkcQ/SdtBlAY7rYX5J7IA.ND9UUPwHJKKDmgd6WHmg1duXdyhpEw.','v5PsaeINhTRPxgy-QktMAg',0);
INSERT INTO users VALUES(24,'Kelvin Fritsch','example-23@railstutorial.org','2013-05-08 02:50:28.475618','2013-05-08 02:50:28.475618','$2a$10$AmdFOs26wLgaJnH/6C.jSuJxNV52ccrAKuNkesiWpNYY.f0.NRQyK','zVIcj34oQ_hD45J5KI33TQ',0);
INSERT INTO users VALUES(25,'Ansel Heller','example-24@railstutorial.org','2013-05-08 02:50:28.716970','2013-05-08 02:50:28.716970','$2a$10$mXSXMx1H3kuLFviCOeXgleD7N1y0omD90vg.3BOcXzIrP2VjSR41q','P_FrJLDUb343euPvqLPWZA',0);
INSERT INTO users VALUES(26,'Casey Halvorson','example-25@railstutorial.org','2013-05-08 02:50:28.964452','2013-05-08 02:50:28.964452','$2a$10$3lQXOaXOy1wr/sFuYxyu/u6RdIGrBoROB97EnQq8FLa9M8sZea5BG','wTV3YODuy1yS_kRRm_5pCA',0);
INSERT INTO users VALUES(27,'Abagail Kilback','example-26@railstutorial.org','2013-05-08 02:50:29.280638','2013-05-08 02:50:29.280638','$2a$10$W1pz1hT9W9J8/UGTysfkUOzr5X2Vr7lzI1OpH0a7ZuW/sABDl/39m','ENBoj64fdLt_TLW1sErPNw',0);
INSERT INTO users VALUES(28,'Joanne Roberts','example-27@railstutorial.org','2013-05-08 02:50:29.578701','2013-05-08 02:50:29.578701','$2a$10$hLodeTCr5KoXWGtp/STt.OaeSmcmCjk.36OVsO3QD8GemWfh7FN8S','qFcnfKCnZe1Q35QMom-Nng',0);
INSERT INTO users VALUES(29,'Mr. Rickey Stroman','example-28@railstutorial.org','2013-05-08 02:50:29.842998','2013-05-08 02:50:29.842998','$2a$10$VABOYNAR076V/gAyx965Hu3YRZbkPz0DksSio1r9rARZUYO3vqgMW','zlsa4j77cB07S8tQC5TdLw',0);
INSERT INTO users VALUES(30,'Marcella Davis','example-29@railstutorial.org','2013-05-08 02:50:30.116510','2013-05-08 02:50:30.116510','$2a$10$mSo0sTBadwYiwUlD6HAKNukug6DS6fBn4mwoEz3bEboox7mvldaUy','KtjBOl_HQI7RqwyFmA2mNg',0);
INSERT INTO users VALUES(31,'Meredith Reynolds','example-30@railstutorial.org','2013-05-08 02:50:30.489363','2013-05-08 02:50:30.489363','$2a$10$butzLGHghFlp35gWjURgpOBmqG3Y64yf2OJCF98XK5sOj7MmExW86','NV23swr_KU0RhUTw9wDVsA',0);
INSERT INTO users VALUES(32,'Lenore Dietrich','example-31@railstutorial.org','2013-05-08 02:50:30.838179','2013-05-08 02:50:30.838179','$2a$10$Sjg1d0jW24c3XM/g1RxMzebjBS2Xi/VNaTSaCEaA3F9yzMgA9XMtS','NnJsa8fXZ_PMgsQhcESsGg',0);
INSERT INTO users VALUES(33,'Doris Hamill','example-32@railstutorial.org','2013-05-08 02:50:31.147025','2013-05-08 02:50:31.147025','$2a$10$CDoCCQkNW7mUxWAaogg/p.aIWS3gUkHeDL4vkyqgWbxrr87Q97zRC','JzRLOWdxTurE4QBogkhpBg',0);
INSERT INTO users VALUES(34,'Durward Williamson','example-33@railstutorial.org','2013-05-08 02:50:31.465758','2013-05-08 02:50:31.465758','$2a$10$bSxCcmuNI3CYw36OjKHE4.z32r/sIE34HfzwG0uek2PPFXZ1VVEKy','F-9ePGapK41P3oZ459HKLw',0);
INSERT INTO users VALUES(35,'Jamal Halvorson','example-34@railstutorial.org','2013-05-08 02:50:31.739735','2013-05-08 02:50:31.739735','$2a$10$OeCukd4yT0COGqt5XgTojeWMmI9f87i4bvpI5L2iZeaIYVanLrTaW','SGPlrIW7IJYXqjeYgmoajA',0);
INSERT INTO users VALUES(36,'Johnpaul Reinger','example-35@railstutorial.org','2013-05-08 02:50:32.001713','2013-05-08 02:50:32.001713','$2a$10$YWki4XiZx5ppe1Fpc5lje.U0BpyAxiXXylWPxrLiwR.l5CK/GNquO','l37xiYSeBWjjzHsungultA',0);
INSERT INTO users VALUES(37,'Ms. Jamie Jones','example-36@railstutorial.org','2013-05-08 02:50:32.507238','2013-05-08 02:50:32.507238','$2a$10$V4pDMkhvqQg1yGdLOIpkIuQcXMvOo7Fb9YGxlf3IT5Y4Gon2J9.2O','pOjMFBAXoE4_NeICQ2nsMQ',0);
INSERT INTO users VALUES(38,'Mrs. Boris Beatty','example-37@railstutorial.org','2013-05-08 02:50:33.264074','2013-05-08 02:50:33.264074','$2a$10$J6H.GxYD7.shatZGjb10WuuHAmL2wSt3JNffrtuj2Y7EpHsLGRGEC','ppo5-EaOr8vdOdxvS38A6g',0);
INSERT INTO users VALUES(39,'Kobe Paucek III','example-38@railstutorial.org','2013-05-08 02:50:33.888355','2013-05-08 02:50:33.888355','$2a$10$eSh6NI1IqbwVAhizI34aFOFtMi86k8mZ0jxES34PWeM8YIeJ0WCNu','5h9kfqf1MLNfTjyt5RpQ2Q',0);
INSERT INTO users VALUES(40,'Douglas Smitham','example-39@railstutorial.org','2013-05-08 02:50:34.439391','2013-05-08 02:50:34.439391','$2a$10$etb62dSGpwaXog9hpUJXAeqyW9YB/VTpmf3q.SJ14bX1KSaxw.Y..','YSghT9dXTXJw0AznPK3vdQ',0);
INSERT INTO users VALUES(41,'Alaina Christiansen','example-40@railstutorial.org','2013-05-08 02:50:34.735862','2013-05-08 02:50:34.735862','$2a$10$pCCu4LArBe2FBrkdwCewAOhRZBeJcMDErGhutpltDGno3Es8dLMEG','yDbRrNsT2TfaQQW4AfOdlw',0);
INSERT INTO users VALUES(42,'Ward Bauch','example-41@railstutorial.org','2013-05-08 02:50:35.061343','2013-05-08 02:50:35.061343','$2a$10$FwztqErAFc0d.f8EO07m9OTyB4TNG0.GcpZ8MCoS1GPgigjZKVAVy','TxdfiTXjeNFk1_IvaioXsA',0);
INSERT INTO users VALUES(43,'Adah Kuhn PhD','example-42@railstutorial.org','2013-05-08 02:50:35.377019','2013-05-08 02:50:35.377019','$2a$10$1SFfeJUm85tlaUcUG6wULeySiXC3E6jER180S1473z5QLe49y0Vv2','vYD2WgFQy5ZyTr0mlKfWjw',0);
INSERT INTO users VALUES(44,'Jasen Crist','example-43@railstutorial.org','2013-05-08 02:50:35.663977','2013-05-08 02:50:35.663977','$2a$10$zYF2xLTyDmTIuuFisThT4u7zepUqhtMue9iSxqoAsNTVWU./5EqM6','xPvR7fAm5X8wl6TPrMwSSw',0);
INSERT INTO users VALUES(45,'Hollie McGlynn','example-44@railstutorial.org','2013-05-08 02:50:35.926266','2013-05-08 02:50:35.926266','$2a$10$juX9SO.mtHjDMq78NTaSBerPp5AJTEtf/G7353HbGJDIiftLWstQq','XW-MYDyx-acsk7gYQofD5w',0);
INSERT INTO users VALUES(46,'Peyton Breitenberg','example-45@railstutorial.org','2013-05-08 02:50:36.810535','2013-05-08 02:50:36.810535','$2a$10$hKoCfgtdqzXKQ7xzN43IkuCHm0mB2dCmtle2D4KFPCJEYAbupfTk6','VU09cbsFuue7kZwj8TWwVg',0);
INSERT INTO users VALUES(47,'Garett Hilpert','example-46@railstutorial.org','2013-05-08 02:50:37.890829','2013-05-08 02:50:37.890829','$2a$10$WHfYWrnaa0IN.BS0FwR30OSMG0TcDhOi1kyn4QQWOqcCjGckjWO0S','n418xP5ZvMFcSJlvusbBzg',0);
INSERT INTO users VALUES(48,'Shania Brown','example-47@railstutorial.org','2013-05-08 02:50:38.197019','2013-05-08 02:50:38.197019','$2a$10$dG9ezHCzrg6acRQ/BzlAIOsX32t0ivzoHz4upK482iunpJ6ed0QHG','3jcTB-1Rpw6-ucsFrJG3MA',0);
INSERT INTO users VALUES(49,'Raphaelle Lindgren','example-48@railstutorial.org','2013-05-08 02:50:38.876109','2013-05-08 02:50:38.876109','$2a$10$nalZV2gbfoATQXZmsQ5r9uxMZL1N2s0ztcAfldZQpIUNGea4bta2.','J6iGRmAskrwrwwxXp7_AzA',0);
INSERT INTO users VALUES(50,'Claire Lockman','example-49@railstutorial.org','2013-05-08 02:50:39.514849','2013-05-08 02:50:39.514849','$2a$10$FAKKt5fj.2Tb6qfNZF78J..kriSjj263.Rr/sh5uezbDtjFPouW8e','rsExOM9_uIpeJFRDUsFR3g',0);
INSERT INTO users VALUES(51,'Peyton Kuhn PhD','example-50@railstutorial.org','2013-05-08 02:50:40.165561','2013-05-08 02:50:40.165561','$2a$10$dvkMgzPbrvva..scKnPaAuRfQUaNHgD4HV7lPIucWUilQv6sCMJfe','JPcB1PJt1hZraCYSRCKVVA',0);
INSERT INTO users VALUES(52,'Cordell Kuphal DVM','example-51@railstutorial.org','2013-05-08 02:50:40.975300','2013-05-08 02:50:40.975300','$2a$10$CU/qcoYbz7gLG8yVeR4f0ebeTFJ.uxTMkj6tzKO/cr82MX/otzm9O','6sAgpjDoVID9YdaG7DVDNg',0);
INSERT INTO users VALUES(53,'Brianne Kunze','example-52@railstutorial.org','2013-05-08 02:50:42.427922','2013-05-08 02:50:42.427922','$2a$10$AtWsm8gTUvAV/C7WJNPvLu36ZrZ46R.7tgN4Wiergf4tD4RTskGCK','StpunSh3ySYsJtx16Zl39A',0);
INSERT INTO users VALUES(54,'Jamie Prohaska','example-53@railstutorial.org','2013-05-08 02:50:43.333520','2013-05-08 02:50:43.333520','$2a$10$rqbV1TLRFydEKjtkJJp9meUXY2b7wXzutHrfZbiVMIl3.tjyPC0Im','WhUeRDLEX96nLw6Uj9As4w',0);
INSERT INTO users VALUES(55,'Alvis Rohan','example-54@railstutorial.org','2013-05-08 02:50:43.717181','2013-05-08 02:50:43.717181','$2a$10$OX3Icmdphm41uiZiIFT.9ulMyGxfEG9AOT5hPsyWRmAY/is95Td7S','73q8ZW5C2j7xUOFzAKyTvA',0);
INSERT INTO users VALUES(56,'Phoebe Dibbert Jr.','example-55@railstutorial.org','2013-05-08 02:50:44.266752','2013-05-08 02:50:44.266752','$2a$10$5xLVd1vIpOJL5GrjOXcVmOP5bOebZj.JvlEPlJidXMpOxVkvcVipG','IrtT14vZGEqggasSTsPpdA',0);
INSERT INTO users VALUES(57,'Reyes Schmidt','example-56@railstutorial.org','2013-05-08 02:50:44.987374','2013-05-08 02:50:44.987374','$2a$10$OMzg.vvH8Zbt72ERSGNt8.3wUVCNsvEUmp7J3yI/eJegyxhKdOVha','WSrVQcsB9RuWAaMKnbTvpQ',0);
INSERT INTO users VALUES(58,'Martin Zemlak','example-57@railstutorial.org','2013-05-08 02:50:45.684041','2013-05-08 02:50:45.684041','$2a$10$XP96RLQJJj/YL6P.t5GKFeN9ianAfgYy4v7tROOnzavoJ1W6z2DFy','pj65O6k9kn7iIhLQCkG9mw',0);
INSERT INTO users VALUES(59,'Neha Bergnaum','example-58@railstutorial.org','2013-05-08 02:50:47.073515','2013-05-08 02:50:47.073515','$2a$10$iAnMUBjxbjiR0RHW8l8y1eJMPes1G9DymqaXoQy9Ta89z9FwB4.BC','I9odoo74gcvIxhoElu3gxg',0);
INSERT INTO users VALUES(60,'Amani Dicki','example-59@railstutorial.org','2013-05-08 02:50:47.758113','2013-05-08 02:50:47.758113','$2a$10$JX71PXMgvybkX0eolfZdy.zDL.AalU6Sj1l/y3UtLHD9nmfGJt276','0E34-gkvWfo1aw2OuADiBg',0);
INSERT INTO users VALUES(61,'Felicita Stracke','example-60@railstutorial.org','2013-05-08 02:50:48.297008','2013-05-08 02:50:48.297008','$2a$10$hj4KHGbxBQNXlbXtiizsI..XHKCpKW/G6YfzyPfMzwxqV6cQVMFVa','YlTcWW_pMvOAUREwqKJyWw',0);
INSERT INTO users VALUES(62,'Natalie Berge','example-61@railstutorial.org','2013-05-08 02:50:48.740969','2013-05-08 02:50:48.740969','$2a$10$qaNCt67XVf5QDNgioC8BSO/QF0XS98ipR9f/dyrDf2cLRikl2dbaa','gKQnX0eo8fUVGyHsXl6d_w',0);
INSERT INTO users VALUES(63,'Lilian McLaughlin','example-62@railstutorial.org','2013-05-08 02:50:49.164765','2013-05-08 02:50:49.164765','$2a$10$bdOm/qS6/V/O2Pl8huPA8.F/WhQBIDzg5u5dkAvqbLRVRUGSs2Rnm','F7PcsSwz6EfwSvqdiE3GMw',0);
INSERT INTO users VALUES(64,'Claudine Dickinson Jr.','example-63@railstutorial.org','2013-05-08 02:50:49.827525','2013-05-08 02:50:49.827525','$2a$10$Zv090SsPYEF0CnX4w18wK.mHNJ5TcWB50E4mQf2Wccm6Yuqp.qC3e','H2SdnD6qzDCzkD09pMDhhw',0);
INSERT INTO users VALUES(65,'Nathaniel Shields','example-64@railstutorial.org','2013-05-08 02:50:50.486860','2013-05-08 02:50:50.486860','$2a$10$G9rPoLsPUQiDlVPKxU3euef40zQ8n2jMExjfyYGniHskJQOj25xyG','jLnjpOSkLYJmnlg_wfESBw',0);
INSERT INTO users VALUES(66,'Madisyn Sawayn','example-65@railstutorial.org','2013-05-08 02:50:51.057959','2013-05-08 02:50:51.057959','$2a$10$KHlZhY9sSmaOJ96gHQXj2Ola/xRGFtwwfSYQ2SixQf0sssqR0DsQO','Nty9mHdiplyfUyG-jTsYaw',0);
INSERT INTO users VALUES(67,'Valentine Corkery','example-66@railstutorial.org','2013-05-08 02:50:51.928839','2013-05-08 02:50:51.928839','$2a$10$Wz01XmXH7k2lKGRUXEG2aOwXx2RrBv/U/PDHuqgqDRQnhXKCD6ZoC','6pYHHDPhzQ6o9nxcin92Rw',0);
INSERT INTO users VALUES(68,'Felipe Osinski','example-67@railstutorial.org','2013-05-08 02:50:52.819849','2013-05-08 02:50:52.819849','$2a$10$KXDd2bXXciVKW4StyqBEJ.v07w3VdOLEcA068NG/rMt8TZ2Qv6DuW','pFfZr33Q1rUmcst5JDnemQ',0);
INSERT INTO users VALUES(69,'Tomas Bergstrom III','example-68@railstutorial.org','2013-05-08 02:50:53.491518','2013-05-08 02:50:53.491518','$2a$10$aVtnw/5WAGWK4A.BL4q/zeX5sQ2bOXmq83V5jTgFJkRu1q6NhRJTy','hVPqrexWAaVYBvq3UStmjw',0);
INSERT INTO users VALUES(70,'Mrs. Jacky Ondricka','example-69@railstutorial.org','2013-05-08 02:50:54.154772','2013-05-08 02:50:54.154772','$2a$10$5m3Rxe.YmjfIeiZATorLWenS7yT./oQwfXKsCjOTNLDOfGvgnXP7G','Crz2tu4AIjnk7n3vn-E09Q',0);
INSERT INTO users VALUES(71,'Jace Schaden','example-70@railstutorial.org','2013-05-08 02:50:54.657780','2013-05-08 02:50:54.657780','$2a$10$Ure8EepOcB2pEB5cdrJSNu.9LJLWS15qUmHkMLNUzVqElnoZsNJz.','joIG6-EU3bbTxmdfxr_b2Q',0);
INSERT INTO users VALUES(72,'Elena Funk','example-71@railstutorial.org','2013-05-08 02:50:56.115765','2013-05-08 02:50:56.115765','$2a$10$vCv9E/d2ZLAnyzSx.MaIEeznwMrJiyizt4NSDNxCkEePZdJxPpQM6','PMJZsya5RxjxlbyQs62VdQ',0);
INSERT INTO users VALUES(73,'Elody Smith','example-72@railstutorial.org','2013-05-08 02:50:56.952211','2013-05-08 02:50:56.952211','$2a$10$E5lokHEt6Dbuz3w9d2nQ5eP96wSeCayLcmPttwgx2H.29QgNaR.DG','pOndfM8MJwSyebKCWjOd8w',0);
INSERT INTO users VALUES(74,'Blair Greenholt Sr.','example-73@railstutorial.org','2013-05-08 02:50:57.727569','2013-05-08 02:50:57.727569','$2a$10$HDS4O3in/ylt4cixZ23UjexVIqbLQvIaIi6PbKdV.3oQka/EvSPOa','-HhA-zRexzfyO2YW5HqNNg',0);
INSERT INTO users VALUES(75,'Dr. Johan Feil','example-74@railstutorial.org','2013-05-08 02:50:58.016750','2013-05-08 02:50:58.016750','$2a$10$uqASm.DNjJUbqq7cemA8sOAV8Wk3J7cRanGGzoQvc5qBRT1.EuM8W','E2ZIxRtA4FqS0DXx6nNS6A',0);
INSERT INTO users VALUES(76,'Mikayla Morar','example-75@railstutorial.org','2013-05-08 02:50:58.296560','2013-05-08 02:50:58.296560','$2a$10$Umca6BFNyl9ApexbrX0zS.X9Gs.8V9OdfdAFmcxplJ9cKUFi6cyJi','PqMTH_3BBMNhtRXDMApDaw',0);
INSERT INTO users VALUES(77,'Hans Emmerich','example-76@railstutorial.org','2013-05-08 02:50:58.610861','2013-05-08 02:50:58.610861','$2a$10$KsrDUn05zCBo/n13oZlJcOZrphZnAP3z5zQv7mLSN0p3azYZccgJa','QcB224PPw2L3ubrYwZMb3w',0);
INSERT INTO users VALUES(78,'Mrs. Laney Jacobs','example-77@railstutorial.org','2013-05-08 02:50:59.029935','2013-05-08 02:50:59.029935','$2a$10$B0xYmQw0QhaYt62Qo546I.lnS9ZsyQ.X7Y7w3ZzHlb3LDLpUYgL.u','cAa34XlKsNgexje6tVhsDQ',0);
INSERT INTO users VALUES(79,'Carmine Hudson DVM','example-78@railstutorial.org','2013-05-08 02:50:59.303868','2013-05-08 02:50:59.303868','$2a$10$yx.R8gzW2PnMC1InLdZhmuaOFcXUYST/22rseFn/qzB9RzqMKq5pO','P5rxXhrATrWTQbRxj2DnlQ',0);
INSERT INTO users VALUES(80,'Johanna Klocko','example-79@railstutorial.org','2013-05-08 02:50:59.591262','2013-05-08 02:50:59.591262','$2a$10$4GhsUSdJXs9c3TlP6az/kOyWYQdzlkXTAzg7evlIlZEPOqs.coNF.','hIV0UcfS-DjQJo94qAFMHA',0);
INSERT INTO users VALUES(81,'Erica Halvorson','example-80@railstutorial.org','2013-05-08 02:50:59.855894','2013-05-08 02:50:59.855894','$2a$10$xQfeMfLXz4sXq.ajR6Pk.OGQvXZEBzBmvMSNvRa6UIftmmdf7uoxS','MU8nkn-Rp02_OEkNUW8vqg',0);
INSERT INTO users VALUES(82,'Mr. Velva Donnelly','example-81@railstutorial.org','2013-05-08 02:51:00.167183','2013-05-08 02:51:00.167183','$2a$10$vS7i0wZ1okhRiTrDyMstFufzSTRSp3rPDLnhsImyGySPcg3.L75hG','5Z_xqZZoe9wz24m0JK7ckg',0);
INSERT INTO users VALUES(83,'Michaela Schmitt','example-82@railstutorial.org','2013-05-08 02:51:00.476698','2013-05-08 02:51:00.476698','$2a$10$fCD3VtombJ3/wbxZO462OeXJK3LOpBJs2LiR0R1aWjGKlB8QJetq.','9ytastxa9ljA54g1EeVjug',0);
INSERT INTO users VALUES(84,'Adolfo Jaskolski V','example-83@railstutorial.org','2013-05-08 02:51:00.743686','2013-05-08 02:51:00.743686','$2a$10$O0brYk1bFEepZFqqBkQkEe/V86Af/MkVlV67GkFxdMNPTyrGrRlae','fudKkqwddlXRoB7IcFG12Q',0);
INSERT INTO users VALUES(85,'Name Bruen','example-84@railstutorial.org','2013-05-08 02:51:01.019405','2013-05-08 02:51:01.019405','$2a$10$OI7pO.uuGTjDrcs4PUq50eGRA9nHIYro.Qt/h8mH3xjwKIgf2O/Ga','V8DP2U--vn5iqf05biIRCA',0);
INSERT INTO users VALUES(86,'Jordan Sipes IV','example-85@railstutorial.org','2013-05-08 02:51:01.306722','2013-05-08 02:51:01.306722','$2a$10$d0KGOjmTP1x5yI1.nCfCoeQGnqiIacyf7msh7h4.y.ZeNWwgT59qy','EAJKdbR1FhMyMuemQnUWdw',0);
INSERT INTO users VALUES(87,'Madeline Little','example-86@railstutorial.org','2013-05-08 02:51:01.701266','2013-05-08 02:51:01.701266','$2a$10$YSfM6PrS3UT5C09jiR3wKOh8VJPDbpveCTEZSADbCihqgeLqtGi06','1H7ZJsorP0kbMV7vPW1bdg',0);
INSERT INTO users VALUES(88,'Else Bins','example-87@railstutorial.org','2013-05-08 02:51:02.122834','2013-05-08 02:51:02.122834','$2a$10$JwV9sE5GMEIlDy7sa69bWeaIRvRrV8b6Fch1S3qaGHQde3E51WAg6','c7I_0z5e6RMZxZYrbde_fA',0);
INSERT INTO users VALUES(89,'Beau Torp','example-88@railstutorial.org','2013-05-08 02:51:02.399723','2013-05-08 02:51:02.399723','$2a$10$CdfBshm.f1COB/.sd8kSUO5T.1YKI6p.je0Wf347TgbBTocTtBxvW','Qm8U3utD7cn0ajxjg6EjiA',0);
INSERT INTO users VALUES(90,'Lizzie Walter I','example-89@railstutorial.org','2013-05-08 02:51:03.176234','2013-05-08 02:51:03.176234','$2a$10$sTd1TdcsN2UZSuM32m19zOELftWYSsHX9hGj5MTcR4UpcQIYfCJQa','Kdv3AHITrzFnV914kSBJFA',0);
INSERT INTO users VALUES(91,'Haley Thiel V','example-90@railstutorial.org','2013-05-08 02:51:03.882545','2013-05-08 02:51:03.882545','$2a$10$0FbHTuChHuTQ0VRS4KJkfuVRQ0XYTrkKmXywRi3WsqsxPoLF/p1s2','_6dTb7Wno9AJJy8nuH_JRQ',0);
INSERT INTO users VALUES(92,'Josiah Larkin','example-91@railstutorial.org','2013-05-08 02:51:04.435479','2013-05-08 02:51:04.435479','$2a$10$A8uaFHeOxY2kuz/em7FfEuu4zWgxECwDywwOQMEzkwerc/gYk75uS','MF1VvRM76x1ZMqjj06zZWQ',0);
INSERT INTO users VALUES(93,'Lincoln Collins','example-92@railstutorial.org','2013-05-08 02:51:04.727176','2013-05-08 02:51:04.727176','$2a$10$FkYDLzv6P8RLV0kW3lMu5.cal..BzxK2tNojIwS5TvHRBIGVWb4am','IwfJJFaNMivA461B1yF-2A',0);
INSERT INTO users VALUES(94,'Marian Feil','example-93@railstutorial.org','2013-05-08 02:51:05.013581','2013-05-08 02:51:05.013581','$2a$10$mIBiJ.G/Mv.IyNbw.UNw9.nrWmVH3IS3V6NYsDm51pApthKfe.GaO','_qC8WcOOcXNkc8wtR8QvBA',0);
INSERT INTO users VALUES(95,'Kadin Barrows','example-94@railstutorial.org','2013-05-08 02:51:05.296264','2013-05-08 02:51:05.296264','$2a$10$jnYFJVXheGh7YA7BdbZjLefe3NYf.0iLm2X3lrOJWlwQGIhInlzSm','kSjPKhVcEgG116VCx38EPg',0);
INSERT INTO users VALUES(96,'Reese Schultz DVM','example-95@railstutorial.org','2013-05-08 02:51:05.567730','2013-05-08 02:51:05.567730','$2a$10$UyJHFypzNfF7gA/fAMk1ZO1wwOISmI/uYn16Jg2eR5Ft2T339UlVS','V_nzXTWtV9aicMBNA-opNg',0);
INSERT INTO users VALUES(97,'Aiyana Jaskolski','example-96@railstutorial.org','2013-05-08 02:51:05.883386','2013-05-08 02:51:05.883386','$2a$10$yxw7BAs9W8xQB1PSUsSkSeXNhKxMblYiH4OpqsqR.ghlpSPa0CA6i','2eM-5pyR-ybilNUuLXkCpA',0);
INSERT INTO users VALUES(98,'Hertha Daugherty','example-97@railstutorial.org','2013-05-08 02:51:06.188278','2013-05-08 02:51:06.188278','$2a$10$jH4ao9ZNELtQoeYZnF1EUO7hpJyJYVSVeSS55pftdUueSsfGTF6Gi','D5IN6YoNWKnGLY-qRiLcvA',0);
INSERT INTO users VALUES(99,'Alexandria Schulist','example-98@railstutorial.org','2013-05-08 02:51:06.476187','2013-05-08 02:51:06.476187','$2a$10$yEj9F7Oxso2yHl6qetDXRuhT/KF8q8REr6ZY5gs29Ew34jJSKnypS','mSl5E6LVoiPcFw2JOmeAjA',0);
INSERT INTO users VALUES(100,'Lauriane Schneider','example-99@railstutorial.org','2013-05-08 02:51:06.759437','2013-05-08 02:51:06.759437','$2a$10$HCC9il5/o.25dhwPrVZsmenfvzhIDO7o0HHKfv6LyLUstSI.P/dfC','GJ8VPBp3UB-VlcHiGTtTaw',0);
CREATE INDEX `index_microposts_on_user_id_and_created` ON `microposts` (`user_id`, `created`);
CREATE INDEX `index_relationships_on_followed_id` ON `relationships` (`followed_id`);
CREATE INDEX `index_relationships_on_follower_id` ON `relationships` (`follower_id`);
CREATE UNIQUE INDEX `index_relationships_on_follower_id_and_followed_id` ON `relationships` (`follower_id`, `followed_id`);
-- CREATE UNIQUE INDEX `index_users_on_email` ON `users` (`email`);
CREATE INDEX `index_users_on_remember_token` ON `users` (`remember_token`);
CREATE UNIQUE INDEX `unique_schema_migrations` ON `schema_migrations` (`version`);
-- COMMIT;
